scenario_id,success,reward,steps,spl,collisions,deadlock,cumulative_risk,path_length,shortest_path_length,detour,disruption_applied
0,0.0,-23.07982932339508,200,0.0,0,0.0,10.000000000000007,809.3470000000029,60.641000000000005,13.34653122474898,0.0
1,0.0,-22.574001109877898,200,0.0,0,0.0,10.000000000000007,979.5659999999947,14.416,67.94991675915612,0.0
2,0.0,-22.64000664862048,200,0.0,0,0.0,10.050000000000008,974.1140000000032,42.114000000000004,23.130407940352452,0.0
3,0.0,-25.20397007232883,200,0.0,0,0.0,15.050000000000002,1038.0669999999975,23.089000000000002,44.95937459396238,0.0
4,0.0,-25.634444643818487,200,0.0,0,0.0,15.000000000000002,1036.1490000000026,55.730000000000004,18.59230217118253,0.0
5,0.0,-25.257540490738013,200,0.0,0,0.0,15.000000000000004,1032.2660000000026,10.311,100.11308311512002,0.0
6,0.0,-25.068901722332168,200,0.0,0,0.0,15.050000000000002,1039.3609999999974,34.37200000000001,30.238595368322972,0.0
7,0.0,-23.030748151747577,200,0.0,0,0.0,10.050000000000008,977.2219999999946,28.811,33.91836451355366,0.0
8,0.0,-23.318860019380136,200,0.0,0,0.0,10.000000000000007,975.2559999999947,60.887,16.017474994662155,0.0
9,0.0,-25.702391219129705,200,0.0,0,0.0,15.000000000000002,1352.9899999999982,25.51,53.03763230105834,0.0
10,0.0,-22.82212764726306,200,0.0,0,0.0,10.050000000000008,370.12399999999866,17.282,21.416734174285306,0.0
11,0.0,-23.082691079510248,200,0.0,0,0.0,10.000000000000007,809.3470000000029,43.528999999999996,18.59328263916017,0.0
12,0.0,-22.47348117194547,200,0.0,0,0.0,10.100000000000009,630.564999999999,21.059,29.942779809107698,0.0
13,1.0,10.753095025115256,2,1.0,0,0.0,0.1,14.533000000000001,14.533000000000001,1.0,0.0
14,1.0,10.611093572861254,3,1.0,0,0.0,0.2,11.466999999999999,11.466999999999999,1.0,0.0
15,0.0,-23.0220927220927,200,0.0,0,0.0,10.000000000000007,924.1999999999974,38.61000000000001,23.936803936803866,0.0
16,0.0,-25.31679012745032,200,0.0,0,0.0,15.050000000000002,1032.6510000000026,30.913999999999998,33.40399171896237,0.0
17,0.0,-23.450518859492345,200,0.0,0,0.0,10.050000000000008,422.0389999999993,22.376,18.861235252055742,0.0
18,0.0,-22.720338163305264,200,0.0,0,0.0,10.050000000000008,725.1479999999993,25.535000000000004,28.39819855100839,0.0
19,0.0,-22.491661454261138,200,0.0,0,0.0,10.15000000000001,1134.9960000000005,29.416999999999998,38.582996226671675,0.0
20,0.0,-23.111169228293164,200,0.0,0,0.0,10.000000000000007,981.0009999999946,74.562,13.156849333440555,0.0
21,0.0,-25.248243175824957,200,0.0,0,0.0,15.000000000000002,1030.5500000000025,28.062,36.72403962654132,0.0
22,0.0,-27.51485093414603,200,0.0,0,0.0,19.900000000000013,1190.8000000000009,15.094000000000001,78.89227507618926,0.0
23,0.0,-23.062914034229784,200,0.0,0,0.0,10.000000000000007,809.3470000000029,51.125,15.830748166259227,0.0
24,0.0,-22.94675148711171,200,0.0,0,0.0,10.050000000000008,626.8939999999991,4.539,138.1128001762501,0.0
25,0.0,-25.236808812879456,200,0.0,0,0.0,15.000000000000002,1030.8540000000025,35.902,28.712996490446283,0.0
26,0.0,-28.497058540276516,200,0.0,0,0.0,19.900000000000013,1184.787000000001,14.536999999999999,81.5014789846599,0.0
27,0.0,-23.287963576158877,200,0.0,0,0.0,10.15000000000001,625.775999999999,24.764,25.26958488127924,0.0
28,0.0,-22.61722577157463,200,0.0,0,0.0,10.050000000000008,977.8449999999947,20.348000000000003,48.05607430705694,0.0
29,0.0,-23.302473844523906,200,0.0,0,0.0,10.000000000000007,978.4719999999946,52.85699999999999,18.51168246400656,0.0
30,0.0,-22.992502251282268,200,0.0,0,0.0,10.000000000000007,1125.7050000000006,51.082,22.03721467444502,0.0
31,0.0,-23.3245701424909,200,0.0,0,0.0,10.050000000000008,972.0380000000032,67.09200000000001,14.488135694270598,0.0
32,0.0,-25.519757346393575,200,0.0,0,0.0,15.000000000000004,1034.0110000000025,53.90400000000001,19.182453992282618,0.0
33,0.0,-21.471708037824982,200,0.0,0,0.0,15.050000000000002,1039.1659999999974,3.384,307.08215130023564,0.0
34,0.0,-25.390015022957613,200,0.0,0,0.0,15.000000000000002,1039.5999999999976,47.261,21.996995408476284,0.0
35,0.0,-25.89152101884444,200,0.0,0,0.0,14.950000000000003,1354.6279999999983,48.290000000000006,28.051936218678776,0.0
36,0.0,-22.52517367706917,200,0.0,0,0.0,10.100000000000009,632.0959999999991,14.74,42.88303934871093,0.0
37,0.0,-25.17483669582396,200,0.0,0,0.0,15.000000000000002,1034.0120000000027,28.352000000000004,36.47051354401815,0.0
38,0.0,-23.148850728259855,200,0.0,0,0.0,10.050000000000008,624.3119999999991,34.809000000000005,17.935361544428137,0.0
39,0.0,-24.971006953066823,200,0.0,0,0.0,15.050000000000002,1040.6169999999975,40.27000000000001,25.84099826173323,0.0
40,0.0,-22.773368122310714,200,0.0,0,0.0,10.000000000000007,724.0709999999995,21.846,33.14432848118646,0.0
41,0.0,-23.53881058119323,200,0.0,0,0.0,10.000000000000007,984.0719999999945,10.358,95.00598571152679,0.0
42,0.0,-27.733767509598845,200,0.0,0,0.0,19.900000000000013,1193.637000000001,37.765,31.60696412021716,0.0
43,0.0,-22.866950280518523,200,0.0,0,0.0,10.15000000000001,1131.6580000000006,51.68999999999998,21.893170826078563,0.0
44,0.0,-25.311346589365,200,0.0,0,0.0,15.050000000000002,1042.7119999999975,44.156000000000006,23.6142766554941,0.0
45,0.0,-25.654920990941363,200,0.0,0,0.0,14.950000000000003,1029.7250000000026,69.10600000000001,14.900659855873622,0.0
46,0.0,-22.47489110876717,200,0.0,0,0.0,10.000000000000007,973.9759999999947,32.233999999999995,30.215796984550312,0.0
47,0.0,-22.98716361802602,200,0.0,0,0.0,10.000000000000007,623.6639999999991,21.813000000000002,28.59139045523307,0.0
48,0.0,-23.03641006084921,200,0.0,0,0.0,10.000000000000007,810.360000000003,60.313,13.43590933961174,0.0
49,0.0,-22.963235395783,200,0.0,0,0.0,10.000000000000007,1125.8000000000006,72.325,15.56584860006914,0.0
50,0.0,-23.136890010363633,200,0.0,0,0.0,10.000000000000007,1582.2059999999929,22.192999999999998,71.29302032172275,0.0
51,0.0,-25.620078007268923,200,0.0,0,0.0,15.000000000000004,1034.0110000000025,56.405,18.331903200070958,0.0
52,0.0,-25.33601443575629,200,0.0,0,0.0,14.900000000000002,1026.9459999999972,64.839,15.838399728558386,0.0
53,0.0,-25.520890031000103,200,0.0,0,0.0,15.050000000000002,1040.0709999999976,61.29,16.969668787730424,0.0
54,0.0,-23.419576908889727,200,0.0,0,0.0,10.000000000000007,980.2919999999947,27.110000000000007,36.15979343415693,0.0
55,0.0,-25.397427140255054,200,0.0,0,0.0,15.000000000000004,620.8000000000008,26.351999999999997,23.55798421372195,0.0
56,0.0,-22.94661194778191,200,0.0,0,0.0,10.000000000000007,1123.3320000000008,53.851,20.860002599766037,0.0
57,0.0,-23.415238623341107,200,0.0,0,0.0,10.100000000000009,980.4739999999946,54.102,18.122694170270872,0.0
58,0.0,-25.644513697637382,200,0.0,0,0.0,15.000000000000004,1039.3869999999974,34.495000000000005,30.131526308160524,0.0
59,0.0,-22.72359635422483,200,0.0,0,0.0,10.050000000000008,972.0380000000032,44.819,21.68807871661579,0.0
60,0.0,-25.589110329908145,200,0.0,0,0.0,14.850000000000001,1353.9539999999984,27.735000000000003,48.817522985397446,0.0
61,0.0,-23.253453204935298,200,0.0,0,0.0,10.050000000000008,975.6769999999947,36.553,26.692118293983935,0.0
62,0.0,-22.8879514895861,200,0.0,0,0.0,10.000000000000007,405.79999999999933,7.586,53.49327708937508,0.0
63,0.0,-22.93465871438034,200,0.0,0,0.0,10.000000000000007,1123.2960000000007,45.27,24.813253810470524,0.0
64,0.0,-25.439722873446243,200,0.0,0,0.0,14.950000000000003,1347.2959999999985,22.607,59.59640819215281,0.0
65,0.0,-23.869720925512528,200,0.0,0,0.0,15.000000000000002,630.7540000000009,9.854,64.00994519991892,0.0
66,0.0,-25.531931964056458,200,0.0,0,0.0,15.000000000000004,1033.1980000000026,43.623999999999995,23.684164679992726,0.0
67,0.0,-23.01438493939653,200,0.0,0,0.0,10.050000000000008,624.3119999999991,46.532,13.416831427834591,0.0
68,0.0,-25.384192779011414,200,0.0,0,0.0,15.000000000000002,1030.8890000000026,36.477,28.261342763933513,0.0
69,0.0,-22.955361140770805,200,0.0,0,0.0,10.000000000000007,722.3999999999994,58.065999999999995,12.441015396273198,0.0
70,0.0,-22.69644882537786,200,0.0,0,0.0,10.050000000000008,976.9669999999946,26.732,36.54672302857978,0.0
71,0.0,-28.07322437974505,200,0.0,0,0.0,20.000000000000014,1188.141000000001,42.28099999999999,28.101061942716616,0.0
72,0.0,-26.2553383152174,200,0.0,0,0.0,14.950000000000003,1055.250999999998,44.16000000000001,23.89608242753618,0.0
73,0.0,-23.258703759152876,200,0.0,0,0.0,10.000000000000007,982.0169999999946,36.736999999999995,26.731006886789743,0.0
74,0.0,-23.008232370301315,200,0.0,0,0.0,10.000000000000007,1580.953999999993,19.314,81.85533809671703,0.0
75,0.0,-22.493911441325412,200,0.0,0,0.0,10.000000000000007,978.4719999999946,33.379,29.313999820246103,0.0
76,0.0,-25.394596867312508,200,0.0,0,0.0,15.000000000000004,1030.9780000000026,39.838,25.879261007078732,0.0
77,0.0,-23.12988102878013,200,0.0,0,0.0,10.000000000000007,977.7749999999946,40.514,24.13424988892715,0.0
78,0.0,-25.798229600708645,200,0.0,0,0.0,14.900000000000002,1349.9479999999983,30.479000000000003,44.291085665540145,0.0
79,0.0,-25.717350028224022,200,0.0,0,0.0,15.000000000000004,1694.2000000000005,38.974,43.47000564478885,0.0
80,0.0,-25.602673243694728,200,0.0,0,0.0,15.000000000000004,1032.4000000000026,50.276,20.534648738960986,0.0
81,0.0,-25.610457482834708,200,0.0,0,0.0,15.050000000000002,1039.7979999999975,32.187,32.30490570727305,0.0
82,0.0,-27.862702441382673,200,0.0,0,0.0,20.000000000000014,1191.801000000001,45.507000000000005,26.189399433054277,0.0
83,0.0,-28.249609457528077,200,0.0,0,0.0,19.950000000000017,1187.0560000000012,16.093,73.76225688187418,0.0
84,0.0,-23.33497629783791,200,0.0,0,0.0,10.000000000000007,974.3969999999947,34.596,28.165019077349832,0.0
85,0.0,-25.437228582708354,200,0.0,0,0.0,15.000000000000004,620.8000000000008,43.06099999999999,14.416757622907058,0.0
86,0.0,-26.01540206014286,200,0.0,0,0.0,15.050000000000002,1038.9909999999975,12.038,86.30927064296374,0.0
87,0.0,-23.056082163706318,200,0.0,0,0.0,10.050000000000008,815.122000000003,32.204,25.311203577195474,0.0
88,0.0,-23.12898069075759,200,0.0,0,0.0,10.000000000000007,613.199999999999,23.771,25.79613815152913,0.0
89,0.0,-22.970118595457627,200,0.0,0,0.0,10.000000000000007,613.199999999999,51.604000000000006,11.882799782962541,0.0
90,0.0,-23.250039806347537,200,0.0,0,0.0,10.000000000000007,810.088000000003,37.18,21.788273265196423,0.0
91,0.0,-25.46879048778731,200,0.0,0,0.0,15.100000000000003,1039.8379999999975,69.805,14.896325478117575,0.0
92,0.0,-25.439956388261866,200,0.0,0,0.0,15.050000000000002,1039.1659999999974,55.375,18.76597742663652,0.0
93,0.0,-23.401652178637434,200,0.0,0,0.0,10.050000000000008,981.7089999999946,46.015,21.33454308377691,0.0
94,0.0,-22.924716828478914,200,0.0,0,0.0,10.000000000000007,622.8019999999991,24.720000000000002,25.194255663430383,0.0
95,0.0,-25.25869309212995,200,0.0,0,0.0,15.000000000000002,1031.7040000000025,39.910999999999994,25.850116509233107,0.0
96,0.0,-25.466006778809945,200,0.0,0,0.0,15.050000000000002,1038.9909999999975,7.965999999999999,130.42819482801877,0.0
97,0.0,-28.2265474850066,200,0.0,0,0.0,19.900000000000013,1184.023000000001,43.519,27.20703600726122,0.0
98,0.0,-25.4233017251516,200,0.0,0,0.0,15.050000000000002,1040.0909999999976,59.53099999999999,17.47141825267504,0.0
99,0.0,-25.752174027584072,200,0.0,0,0.0,14.950000000000003,1051.9309999999978,32.265,32.602851386951734,0.0
100,0.0,-23.37483211279594,200,0.0,0,0.0,10.100000000000009,628.6919999999991,32.909,19.10395332583789,0.0
101,0.0,-23.185695830400427,200,0.0,0,0.0,10.000000000000007,809.5970000000029,48.302,16.761148606683015,0.0
102,0.0,-23.066374925028292,200,0.0,0,0.0,10.000000000000007,1582.2059999999929,45.016999999999996,35.14685563231652,0.0
103,0.0,-23.201578378378343,200,0.0,0,0.0,10.000000000000007,979.2079999999946,47.175000000000004,20.756926338102694,0.0
104,0.0,-28.04677015704915,200,0.0,0,0.0,20.000000000000014,1188.073000000001,55.142,21.545700192230985,0.0
105,0.0,-23.257331787539112,200,0.0,0,0.0,10.000000000000007,984.4989999999946,46.578,21.13656661943395,0.0
106,0.0,-25.61428599478783,200,0.0,0,0.0,15.000000000000002,625.2740000000008,56.02199999999999,11.161222376923368,0.0
107,0.0,-25.571973108948338,200,0.0,0,0.0,15.000000000000002,1030.5140000000026,45.516999999999996,22.640200364698963,0.0
108,0.0,-25.155358035824154,200,0.0,0,0.0,15.000000000000002,626.2450000000008,24.397,25.668934705086727,0.0
109,0.0,-23.07192997122636,200,0.0,0,0.0,10.050000000000008,976.7839999999946,51.436,18.990279181895843,0.0
110,0.0,-22.870826366722437,200,0.0,0,0.0,10.000000000000007,982.8879999999946,39.474,24.899630136292107,0.0
111,0.0,-23.00254558844719,200,0.0,0,0.0,10.000000000000007,1580.953999999993,62.461000000000006,25.311058100254442,0.0
112,0.0,-23.029726179650336,200,0.0,0,0.0,10.000000000000007,809.200000000003,49.485,16.35243002930187,0.0
113,0.0,-21.61687293010282,200,0.0,0,0.0,10.000000000000007,1586.9999999999927,5.737,276.6254139794305,0.0
114,0.0,-23.987315506857353,200,0.0,0,0.0,15.050000000000002,1038.3149999999976,13.781000000000002,75.34395181771986,0.0
115,0.0,-22.857649795347957,200,0.0,0,0.0,10.000000000000007,978.0459999999946,50.084999999999994,19.527722871118993,0.0
116,0.0,-22.521392981077707,200,0.0,0,0.0,10.050000000000008,727.1079999999994,30.546,23.803705886204394,0.0
117,0.0,-22.315310492505382,200,0.0,0,0.0,15.000000000000004,623.9830000000009,1.868,334.0380085653109,0.0
118,0.0,-25.651920965971577,200,0.0,0,0.0,15.000000000000004,1039.5999999999976,13.665000000000003,76.07757043541876,0.0
119,0.0,-23.225323638613936,200,0.0,0,0.0,10.000000000000007,976.9809999999947,32.32,30.22837252475231,0.0
120,0.0,-26.00061468785263,200,0.0,0,0.0,15.050000000000002,1042.7119999999975,32.789,31.800664857116637,0.0
121,0.0,-22.64683385237395,200,0.0,0,0.0,10.000000000000007,1585.5289999999927,18.303,86.62672785882056,0.0
122,0.0,-23.141923671684374,200,0.0,0,0.0,10.050000000000008,624.3119999999991,41.387,15.084736753086696,0.0
123,0.0,-23.473594605376917,200,0.0,0,0.0,10.050000000000008,980.9779999999946,45.11899999999999,21.742015558855353,0.0
124,0.0,-22.90576620928048,200,0.0,0,0.0,10.000000000000007,810.088000000003,47.73500000000001,16.970524772179804,0.0
125,0.0,-25.743501749238234,200,0.0,0,0.0,14.850000000000003,1358.1689999999983,44.305,30.65498250761761,0.0
126,0.0,-23.502231625318878,200,0.0,0,0.0,10.100000000000009,632.1589999999991,17.252000000000002,36.642650127521385,0.0
127,1.0,10.373672954303933,5,0.8812924373682979,0,0.0,0.3,34.168,30.112000000000002,1.1346971307120084,0.0
128,0.0,-23.360357281199494,200,0.0,0,0.0,10.000000000000007,988.3279999999945,43.88699999999999,22.519835030874624,0.0
129,0.0,-25.360339944888505,200,0.0,0,0.0,15.000000000000002,1030.8540000000025,36.653,28.124682836329974,0.0
130,0.0,-28.119919268935377,200,0.0,0,0.0,20.000000000000014,1191.511000000001,35.674,33.39998318102823,0.0
131,0.0,-23.301763264241963,200,0.0,0,0.0,10.000000000000007,974.6199999999947,38.355,25.410507104679827,0.0
132,0.0,-23.034165952679178,200,0.0,0,0.0,10.000000000000007,722.3999999999994,75.86499999999998,9.52217755223093,0.0
133,0.0,-25.671583162858497,200,0.0,0,0.0,15.100000000000003,1040.1319999999976,28.841,36.06435283103906,0.0
134,0.0,-27.94464670743345,200,0.0,0,0.0,20.000000000000014,1191.801000000001,28.291,42.12650666289637,0.0
135,0.0,-22.71502711528367,200,0.0,0,0.0,10.000000000000007,408.65799999999933,17.149,23.829844305790385,0.0
136,0.0,-24.488837287088952,200,0.0,0,0.0,15.050000000000002,1042.6089999999974,19.433,53.65146915041411,0.0
137,0.0,-22.85008319004139,200,0.0,0,0.0,10.050000000000008,630.6719999999991,41.291,15.273836913613115,0.0
138,0.0,-23.212857248084756,200,0.0,0,0.0,10.000000000000007,984.0719999999945,54.304,18.12153800824975,0.0
139,0.0,-25.419282245647256,200,0.0,0,0.0,15.000000000000002,1038.4909999999975,50.658,20.500039480437394,0.0
140,0.0,-22.945861868313855,200,0.0,0,0.0,10.000000000000007,1581.5339999999928,44.682,35.395326977306134,0.0
141,0.0,-22.94281811037908,200,0.0,0,0.0,10.000000000000007,974.3479999999947,33.086,29.44895121803768,0.0
142,0.0,-23.180701891743187,200,0.0,0,0.0,10.000000000000007,626.3859999999991,47.258,13.25460239536161,0.0
143,0.0,-21.63218276000223,200,0.0,0,0.0,10.050000000000008,977.6169999999946,17.471,55.95655657947425,0.0
144,0.0,-28.041657244386958,200,0.0,0,0.0,20.000000000000014,1188.073000000001,61.910000000000004,19.190324664836066,0.0
145,0.0,-24.874863299996946,200,0.0,0,0.0,15.000000000000002,1045.1190000000026,32.297000000000004,32.359630925473034,0.0
146,0.0,-24.676385159010657,200,0.0,0,0.0,15.000000000000004,1034.9790000000025,19.810000000000002,52.2452801615347,0.0
147,0.0,-22.944701901539414,200,0.0,0,0.0,10.000000000000007,973.9759999999947,41.966,23.208692751274715,0.0
148,0.0,-23.072239218395392,200,0.0,0,0.0,10.000000000000007,810.360000000003,30.399,26.65745583736317,0.0
149,0.0,-25.10729526479191,200,0.0,0,0.0,15.050000000000002,1038.3029999999974,33.17700000000001,31.295867619133652,0.0
150,0.0,-22.84533671022361,200,0.0,0,0.0,10.05000000000001,1442.656999999995,20.433,70.60426760632285,0.0
151,0.0,-23.142004657603216,200,0.0,0,0.0,10.050000000000008,626.8939999999991,15.888000000000002,39.4570745216515,0.0
152,0.0,-27.877704056949323,200,0.0,0,0.0,20.000000000000014,1188.5840000000012,28.938000000000002,41.07346741309009,0.0
153,0.0,-23.43344875878742,200,0.0,0,0.0,10.000000000000007,415.8319999999993,36.416,11.418936731107188,0.0
154,0.0,-27.351237139590918,200,0.0,0,0.0,19.900000000000013,1187.4720000000011,7.872999999999999,150.82840086371158,0.0
155,0.0,-25.284661963550835,200,0.0,0,0.0,14.950000000000003,1368.4039999999982,10.206,134.07838526357028,0.0
156,0.0,-23.21809619470731,200,0.0,0,0.0,10.000000000000007,974.3479999999947,51.769999999999996,18.820706973150372,0.0
157,0.0,-22.81924329179297,200,0.0,0,0.0,10.000000000000007,977.2899999999946,17.814,54.860783653306086,0.0
158,0.0,-19.53721308103662,200,0.0,0,0.0,10.000000000000007,977.1499999999946,4.862,200.97696421225723,0.0
159,0.0,-24.469052421319258,200,0.0,0,0.0,14.950000000000003,1356.0089999999982,10.263,132.1259865536391,0.0
160,1.0,10.875,1,1.0,0,0.0,0.05,3.17,3.17,1.0,0.0
161,0.0,-25.365103101309504,200,0.0,0,0.0,14.950000000000003,622.4400000000007,36.275000000000006,17.15892487939354,0.0
162,0.0,-22.96931695278192,200,0.0,0,0.0,10.050000000000008,816.328000000003,55.105999999999995,14.813777084165121,0.0
163,0.0,-27.94392604714326,200,0.0,0,0.0,20.000000000000014,1189.088000000001,57.442,20.700671982173343,0.0
164,0.0,-23.100411250863054,200,0.0,0,0.0,10.000000000000007,613.478999999999,33.313,18.41560351814604,0.0
165,0.0,-25.42698100851342,200,0.0,0,0.0,15.000000000000004,1688.2350000000006,12.216000000000001,138.19867387033403,0.0
166,0.0,-22.50456030199151,200,0.0,0,0.0,10.000000000000007,624.9019999999991,25.961,24.07079850545045,0.0
167,0.0,-23.332494257612343,200,0.0,0,0.0,10.000000000000007,974.3479999999947,33.958,28.69273808822648,0.0
168,0.0,-22.500403945219265,200,0.0,0,0.0,10.100000000000009,631.0869999999991,15.918000000000001,39.646123884910104,0.0
169,0.0,-27.8669160043635,200,0.0,0,0.0,20.000000000000014,1190.051000000001,25.668,46.36321489792742,0.0
170,0.0,-25.939780427588467,200,0.0,0,0.0,14.950000000000003,1032.9049999999972,38.074,27.12888060093495,0.0
171,0.0,-22.93094431682435,200,0.0,0,0.0,10.050000000000008,814.4270000000031,54.41499999999999,14.96695764035658,0.0
172,0.0,-25.505586592739967,200,0.0,0,0.0,14.950000000000003,1029.7250000000026,49.778999999999996,20.685931818638437,0.0
173,0.0,-23.043455678476324,200,0.0,0,0.0,10.050000000000008,417.86899999999935,35.705,11.703374877468123,0.0
174,0.0,-23.05604234469433,200,0.0,0,0.0,10.000000000000007,613.199999999999,27.961000000000002,21.93054611780691,0.0
175,0.0,-23.91855155410763,200,0.0,0,0.0,15.100000000000003,1040.5119999999974,11.357,91.6185612397638,0.0
176,0.0,-23.003717385205295,200,0.0,0,0.0,10.000000000000007,1580.953999999993,42.772,36.962358552323785,0.0
177,0.0,-23.002966860725465,200,0.0,0,0.0,10.000000000000007,1580.953999999993,53.592000000000006,29.499813404985684,0.0
178,0.0,-28.0436937333216,200,0.0,0,0.0,20.000000000000014,1191.801000000001,34.101,34.94915105128885,0.0
179,0.0,-25.269692466680947,200,0.0,0,0.0,15.000000000000002,628.2020000000009,28.062,22.386216235478614,0.0
180,0.0,-24.36859849285152,200,0.0,0,0.0,15.000000000000002,630.7540000000009,14.199,44.422424114374316,0.0
181,0.0,-22.888168557536478,200,0.0,0,0.0,10.000000000000007,614.6729999999991,22.829,26.925095273555524,0.0
182,0.0,-27.811939432088312,200,0.0,0,0.0,19.900000000000013,1186.9310000000012,14.298,83.0137781507904,0.0
183,1.0,10.49124555040634,4,1.0,0,0.0,0.25,14.889000000000001,14.889000000000001,1.0,0.0
184,0.0,-22.77607727929092,200,0.0,0,0.0,10.050000000000008,977.8940000000008,40.166,24.34631280187225,0.0
185,0.0,-25.148992002665857,200,0.0,0,0.0,15.000000000000004,626.1230000000008,24.008,26.07976507830727,0.0
186,0.0,-23.111714025708125,200,0.0,0,0.0,10.000000000000007,978.0459999999946,43.95499999999999,22.251074963030252,0.0
187,0.0,-25.52715907742223,200,0.0,0,0.0,15.000000000000004,626.1230000000008,50.553999999999995,12.38523163350083,0.0
188,0.0,-23.174509552506738,200,0.0,0,0.0,10.000000000000007,622.962999999999,23.397,26.62576398683588,0.0
189,0.0,-23.181289589931733,200,0.0,0,0.0,10.050000000000008,976.9669999999946,47.99199999999999,20.356871978663,0.0
190,0.0,-28.196980158730206,200,0.0,0,0.0,19.900000000000013,1184.787000000001,32.76,36.165659340659374,0.0
191,1.0,10.875,1,1.0,0,0.0,0.05,3.17,3.17,1.0,0.0
192,0.0,-28.09665385903729,200,0.0,0,0.0,19.900000000000013,1183.608000000001,50.75099999999999,23.321865579003394,0.0
193,0.0,-22.89016910919943,200,0.0,0,0.0,10.050000000000008,626.8939999999991,35.687000000000005,17.56645276991619,0.0
194,0.0,-22.796670817165733,200,0.0,0,0.0,10.100000000000009,631.0869999999991,34.534,18.274367290206726,0.0
195,0.0,-25.080057581573925,200,0.0,0,0.0,15.000000000000004,1047.5360000000026,44.285000000000004,23.654420232584453,0.0
196,0.0,-22.949068465800735,200,0.0,0,0.0,10.050000000000008,625.059999999999,44.577,14.022029297619827,0.0
197,0.0,-23.37580000764647,200,0.0,0,0.0,10.050000000000008,981.8709999999945,52.31199999999999,18.76951751032258,0.0
198,0.0,-22.757708866007953,200,0.0,0,0.0,10.15000000000001,625.775999999999,43.413000000000004,14.41448414069516,0.0
199,1.0,9.929553007389258,8,0.5843699659924825,0,0.0,0.65,44.696000000000005,26.119,1.711244687775183,0.0
