robots,method,label,architecture,algorithm,n_seeds,success_mean,success_std_across_seeds,success_ci95_across_seeds,spl_mean,spl_std_across_seeds,spl_ci95_across_seeds,reward_mean,reward_std_across_seeds,reward_ci95_across_seeds,steps_mean,steps_std_across_seeds,steps_ci95_across_seeds,collisions_mean,collisions_std_across_seeds,collisions_ci95_across_seeds,deadlock_mean,deadlock_std_across_seeds,deadlock_ci95_across_seeds,cumulative_risk_mean,cumulative_risk_std_across_seeds,cumulative_risk_ci95_across_seeds,detour_mean,detour_std_across_seeds,detour_ci95_across_seeds,affected_route_success_mean,affected_route_success_std_across_seeds,affected_route_success_ci95_across_seeds,affected_route_spl_mean,affected_route_spl_std_across_seeds,affected_route_spl_ci95_across_seeds,affected_route_n_mean,training_seconds_mean,total_trajectories_mean,total_transitions_mean,model_size_bytes_mean,communication_bytes_mean
1,centralized_qlearning,Q-learning centralise,centralized,qlearning,10,0.7205,0.013632070031119032,0.009751117935908691,0.6162695276377737,0.014814156187961574,0.010596672682874031,0.9933301659197282,0.4484384353228691,0.3207712445612125,59.714999999999996,2.637847396815989,1.8868712531966771,0.0,0.0,0.0,0.0,0.0,0.0,2.985750000000002,0.1318923698407995,0.0943435626598339,13.711381549819418,1.5030567293494739,1.075147310627833,,,,,,,,0.6671067000250333,1000.0,24643.8,887902.0,0.0
1,fedavg_dqn,FedAvg + DQN,fedavg,dqn,10,0.7220000000000001,0.054324130099902286,0.038858441759802964,0.6103911282163286,0.04528380332850463,0.03239183086902728,1.0519388525683246,1.8453068268642414,1.3199612718842215,59.137,10.602447882970758,7.58400737966914,0.0,0.0,0.0,0.0,0.0,0.0,2.956850000000002,0.5301223941485383,0.37920036898345744,15.742541835128923,3.7407720999913954,2.675801241858688,,,,,,,,1591.8212935300194,1000.0,43849.2,168985.0,6759400.0
1,fedavg_ppo,FedAvg + PPO,fedavg,ppo,10,0.0925,0.03980856970832062,0.02847535680197879,0.08031962245833865,0.035199066760048234,0.02517814612363597,-20.083504269036773,1.3106724967195442,0.9375334825664068,181.84449999999998,7.745375125410863,5.540322646034345,0.0,0.0,0.0,0.0,0.0,0.0,9.092225000000004,0.38726875627054336,0.27701613230171734,53.31560617050828,10.947327389360263,7.8307021760430695,,,,,,,,754.3061998400138,1000.0,112732.6,220037.0,8801480.0
1,fedavg_qlearning,FedAvg + Q-learning,fedavg,qlearning,10,0.7205,0.013632070031119032,0.009751117935908691,0.6162695276377737,0.014814156187961574,0.010596672682874031,0.9933301659197282,0.4484384353228691,0.3207712445612125,59.714999999999996,2.637847396815989,1.8868712531966771,0.0,0.0,0.0,0.0,0.0,0.0,2.985750000000002,0.1318923698407995,0.0943435626598339,13.711381549819418,1.5030567293494739,1.075147310627833,,,,,,,,1.3144385200110265,1000.0,24643.8,296020.0,11840800.0
1,local_independent_qlearning,Q-learning local independant,local_independent,qlearning,10,0.7205,0.013632070031119032,0.009751117935908691,0.6162695276377737,0.014814156187961574,0.010596672682874031,0.9933301659197282,0.4484384353228691,0.3207712445612125,59.714999999999996,2.637847396815989,1.8868712531966771,0.0,0.0,0.0,0.0,0.0,0.0,2.985750000000002,0.1318923698407995,0.0943435626598339,13.711381549819418,1.5030567293494739,1.075147310627833,,,,,,,,0.4909268399933353,1000.0,24643.8,887888.0,0.0
3,centralized_qlearning,Q-learning centralise,centralized,qlearning,10,0.6723333333333332,0.019925788241297697,0.014253059928777874,0.5900009012171861,0.015840687919087864,0.01133095822808578,1.1706732457987397,0.6168808771104484,0.4412593370910811,35.307833333333335,3.5327652452119964,2.527012439585725,1.8643333333333332,0.15669857831022094,0.11208762234966,0.1795,0.015734094457421494,0.011254711156765518,1.672175000000001,0.17856877176595032,0.12773152934112442,6.266822783065544,0.7661607024892115,0.5480402720039195,,,,,,,,3.33572924004402,3000.0,79306.9,887902.0,0.0
3,fedavg_dqn,FedAvg + DQN,fedavg,dqn,10,0.5209999999999999,0.02953549862474552,0.021126955020647053,0.45099107892468837,0.02370946532100696,0.016959551411833362,-4.20635012005319,1.076260307305755,0.7698567541333451,70.50466666666667,7.823016247578457,5.595859900259436,1.5340000000000003,0.21400819183582556,0.15308160191944106,0.148,0.019841968241676625,0.014193102878980809,3.448533333333336,0.39883346721144336,0.28528845338149345,16.653164481577853,2.8821931541484673,2.0616535343505205,,,,,,,,4550.9991513899995,3000.0,127289.0,168985.0,20278200.0
3,fedavg_ppo,FedAvg + PPO,fedavg,ppo,10,0.22116666666666668,0.06285909188095837,0.04496356143095824,0.1984289139637701,0.05691770431371684,0.040713644086133836,-12.92878188805956,2.0645743798514964,1.4768049327380763,100.37183333333334,12.666994353704835,9.060792348814394,3.2046666666666668,0.3908954582228595,0.2796103383448712,0.30133333333333334,0.03650469274754402,0.026112069801785792,4.858358333333337,0.639945024464149,0.4577572879102678,28.112570282180876,3.612395473593712,2.5839725158207294,,,,,,,,2076.9119616299986,3000.0,301178.3,220037.0,26404440.0
3,fedavg_qlearning,FedAvg + Q-learning,fedavg,qlearning,10,0.7026666666666668,0.016854497146876698,0.012056143274972597,0.6247304576591242,0.01595885095233148,0.011415481097334026,2.1113744909711274,0.46587447234236135,0.3332433674980678,30.72116666666667,3.618816057841822,2.58856520600482,1.795,0.24226426750274582,0.17329337647789977,0.1721666666666667,0.022649367036641308,0.01620125546918441,1.4463083333333342,0.18955973214918082,0.13559344251213407,5.403117115298928,0.7341774360833305,0.5251624110490244,,,,,,,,3.6510559000074863,3000.0,82995.9,296020.0,35522400.0
3,local_independent_qlearning,Q-learning local independant,local_independent,qlearning,10,0.6078333333333333,0.023636261115205438,0.016907187915860582,0.5267339882593551,0.02010631022647714,0.014382188605749953,-1.2984772236593596,0.6918740022317035,0.49490245994552606,53.736666666666665,3.5931197112341313,2.5701844240897045,1.5368333333333333,0.1598599888946034,0.11434900212410155,0.14833333333333334,0.01638653467083625,0.011721406343381608,2.6099916666666685,0.1805647196392338,0.12915924523914168,10.43388517586163,0.8510901036022737,0.6087908846833631,,,,,,,,3.9912148600677027,3000.0,103394.9,2663664.0,0.0
5,centralized_qlearning,Q-learning centralise,centralized,qlearning,10,0.5288,0.013197642887189292,0.009440369069056579,0.45819021999635795,0.012354113879662464,0.008836986690886759,-2.778444451368086,0.4384381153577137,0.31361794362053,45.2506,2.6851095239404206,1.920678193334177,2.9616000000000002,0.07743412971322428,0.05538919103074172,0.2752,0.007627435858647228,0.005455959838561854,2.1144500000000015,0.13526836289391553,0.09675843482059852,7.358870901040843,0.6274077265943405,0.448789268391072,,,,,,,,9.211373110034037,5000.0,182030.8,887902.0,0.0
5,fedavg_dqn,FedAvg + DQN,fedavg,dqn,10,0.38,0.02694851057521031,0.019276463825089907,0.3273613253453912,0.02548041448296329,0.018226324110133335,-7.693854466401769,0.9935140162106976,0.7106677357828649,74.2502,8.300814308113258,5.937632296321638,2.8535000000000004,0.3372721453070206,0.24125319616742905,0.27549999999999997,0.03085899832751831,0.02207366389614556,3.5698350000000025,0.4281444570923339,0.3062548156796871,18.356269242542957,2.8255016180968857,2.021101670052225,,,,,,,,10814.573467069935,5000.0,303295.7,168985.0,33797000.0
5,fedavg_ppo,FedAvg + PPO,fedavg,ppo,10,0.1989,0.045390772434738554,0.03246834664161388,0.1764625932913173,0.039915655794905754,0.02855195625145366,-11.837303450242487,1.325823421681804,0.948371048380538,68.4598,9.398276943733416,6.722655228697732,5.3314,0.5935187350782524,0.4245482285307994,0.49589999999999995,0.05575432220415241,0.03988146847898155,3.1564200000000024,0.48835213797695903,0.34932180371696475,17.304862713385,2.967146944390762,2.1224215927498697,,,,,,,,3468.188314049982,5000.0,501817.4,220037.0,44007400.0
5,fedavg_qlearning,FedAvg + Q-learning,fedavg,qlearning,10,0.5443999999999999,0.011403703102257802,0.00815715101245526,0.48649900593079665,0.01156713222006374,0.008274053038211389,-1.7798835729692217,0.29602139943215433,0.2117462403601458,32.4,2.238583431051383,1.6012748610976197,3.5393,0.1685269843213379,0.12054856641354143,0.3276,0.01530577233159656,0.010948329253360992,1.443035000000001,0.11805644612735994,0.08444662671584288,4.9946420214987555,0.41875023030726527,0.29953505755867066,,,,,,,,8.332611960044597,5000.0,182784.4,296020.0,59204000.0
5,local_independent_qlearning,Q-learning local independant,local_independent,qlearning,10,0.48,0.021255064755906477,0.015203900999414589,0.40168576762641567,0.018024184657629425,0.012892829181036201,-4.573933183124242,0.625485536257746,0.4474143117905991,57.6109,3.176797389755216,2.2723860672132363,2.8029,0.11931512896527416,0.0853469716207904,0.261,0.010903618155864095,0.0077994366463226125,2.740400000000002,0.1589527777535064,0.11370006745684905,10.966280425079788,0.8593906454619464,0.6147283220953517,,,,,,,,9.441283599985763,5000.0,228408.6,4439440.0,0.0
10,centralized_qlearning,Q-learning centralise,centralized,qlearning,10,0.40715,0.006952417645043402,0.004973114445696968,0.3510484959727289,0.007788156230611692,0.005570924278896375,-6.388483279784101,0.20067209584574935,0.14354219634809534,60.27094999999999,2.231386333525516,1.5961267253698281,3.43315,0.14006447919916507,0.10018913137805918,0.32095,0.012977437685802586,0.009282854701545216,2.841890000000002,0.11770328762046824,0.0841940098907452,9.924492715202986,0.49324168603831137,0.3528193326829032,,,,,,,,34.41270991995698,10000.0,618730.7,887902.0,0.0
10,fedavg_dqn,FedAvg + DQN,fedavg,dqn,10,0.28569999999999995,0.008202980488145065,0.005867651059836454,0.24319788849006244,0.008041511950260868,0.005752151451027718,-9.421761280734762,0.24505306204105134,0.17528822130923924,63.3627,4.277933270478475,3.0600364982836656,4.5821,0.3008533049695666,0.21520253721329577,0.43420000000000003,0.027189867393734905,0.019449108096773995,2.939030000000002,0.2281766919516543,0.16321643216084944,16.23474381097131,1.5343087052166668,1.097502074190191,,,,,,,,31213.936201559984,10000.0,832984.9,168985.0,67594000.0
10,fedavg_ppo,FedAvg + PPO,fedavg,ppo,10,0.10185,0.017768652171732104,0.012710044952320192,0.08973111609995568,0.016470931796858466,0.011781776215852607,-13.50466965956457,0.39536098482103954,0.28280456170239426,56.75945,8.160527084862704,5.837283834518363,7.07925,0.568855441996373,0.4069063972476348,0.6619,0.057790714363699175,0.04133811446643399,2.484010000000002,0.4352062062657453,0.31130613575554855,18.11802536527179,1.8491062029004874,1.322678992944026,,,,,,,,7573.376066050027,10000.0,1206254.0,220037.0,88014800.0
10,fedavg_qlearning,FedAvg + Q-learning,fedavg,qlearning,10,0.40465,0.007717404572350285,0.005520315107853887,0.36515500956645314,0.0060009237342832375,0.004292503994170428,-5.758714196592097,0.23917730791000238,0.1710852520343258,45.31230000000001,2.202028120720634,1.57512658417378,4.3741,0.11511873097902972,0.08234525789892214,0.40335,0.012103833185308588,0.008657959106510021,2.0469100000000013,0.11452620163574415,0.08192141738947091,6.365031573339543,0.4046190823851385,0.2894269456106045,,,,,,,,29.469391620031093,10000.0,587827.6,296020.0,118408000.0
10,local_independent_qlearning,Q-learning local independant,local_independent,qlearning,10,0.3358,0.003750555514409391,0.0026827993886983075,0.28222697520745027,0.0026759351427527852,0.0019141156923533722,-8.443557084924828,0.1869621472350549,0.13373537130296645,65.5201,2.4111957245777917,1.7247456786272692,4.0052,0.11142192084345177,0.07970090296703039,0.36865000000000003,0.011690570749302392,0.008362349507763957,3.075745000000002,0.12589128124872065,0.09005094074169419,12.1008642801803,0.5206795207685364,0.3724458136025023,,,,,,,,29.29443177002249,10000.0,699585.2,8878880.0,0.0
