episode,mean_reward,std_reward,success_rate,mean_steps,n_robots,trajectories_used,transitions_used
1,-15.815093105994972,14.189602688202742,0.5,146.6,10,10,1466
2,-11.0827280593998,15.692923791255012,0.6,119.0,10,20,2656
3,-25.124499993301253,18.318435059258356,0.3,154.5,10,30,4201
4,-14.226579576925513,17.82240856883607,0.6,131.5,10,40,5516
5,-22.40610644410816,19.737293105400404,0.4,145.9,10,50,6975
6,-18.539337796483164,17.803271394443193,0.4,142.1,10,60,8396
7,-12.877785731021419,16.43686462588768,0.5,130.1,10,70,9697
8,-18.055948646225804,17.827783813011116,0.4,140.8,10,80,11105
9,-22.596236558075002,23.36769318649437,0.5,131.6,10,90,12421
10,-9.038348466752675,16.247031369419233,0.7,112.9,10,100,13550
11,-25.43714674476562,21.494687678388196,0.3,150.0,10,110,15050
12,-23.721495435090976,22.642834741193024,0.4,144.0,10,120,16490
13,-25.591069085912377,10.288013576685376,0.4,167.5,10,130,18165
14,-9.20252716138703,17.06076578042774,0.7,103.7,10,140,19202
15,-20.504662120201694,14.022226557278222,0.3,159.5,10,150,20797
16,-21.776537551576244,11.827785817111058,0.6,168.4,10,160,22481
17,-18.568691151318173,17.79627159130084,0.3,146.3,10,170,23944
18,-18.924304711599444,15.606206926152101,0.5,148.7,10,180,25431
19,-7.268438002552689,21.09846296880051,0.7,81.0,10,190,26241
20,-23.323314501638357,18.02030664460185,0.4,152.0,10,200,27761
21,-17.77380342473837,19.394012399701236,0.7,126.3,10,210,29024
22,-14.544416817344594,19.291233146215422,0.7,121.7,10,220,30241
23,-8.109434297946256,16.49905306076594,0.7,110.5,10,230,31346
24,-16.693259412551875,18.02672974618062,0.5,137.3,10,240,32719
25,-20.24445479776184,18.154484186908043,0.5,142.0,10,250,34139
26,-12.235191910662603,24.168886206497817,0.7,88.1,10,260,35020
27,-3.099540298564755,16.880582218492055,0.8,68.7,10,270,35707
28,-33.078738098287275,38.23447436582333,0.5,128.3,10,280,36990
29,-8.177420428538912,16.916870915598768,0.7,96.8,10,290,37958
30,-16.124394970431524,17.82925859405034,0.4,130.7,10,300,39265
31,-6.098851563988373,12.476934090218197,0.9,97.9,10,310,40244
32,-9.155343844817777,14.653170734804517,0.8,120.2,10,320,41446
33,-10.702341711242648,18.737467857318904,0.7,108.2,10,330,42528
34,-14.789061495100379,17.12390402596015,0.8,115.2,10,340,43680
35,-4.705423547096178,17.601016304211452,0.8,69.1,10,350,44371
36,-7.930717096159254,13.511804037349666,0.9,98.5,10,360,45356
37,-10.628328718988946,19.129565057028135,0.7,101.3,10,370,46369
38,-8.68650536302699,22.697938847470013,0.7,79.8,10,380,47167
39,-14.443362272637993,17.734273975677937,0.4,133.1,10,390,48498
40,-1.3932774588632408,13.693730030940872,0.8,70.5,10,400,49203
41,-9.344882608634652,20.227959116086655,0.7,89.0,10,410,50093
42,-28.654361933072742,19.282042324181198,0.2,165.4,10,420,51747
43,-18.662087323718705,22.398898050025263,0.4,127.1,10,430,53018
44,-7.517042755327718,15.357479434172857,0.7,97.3,10,440,53991
45,-0.670167214057132,11.991916960985996,0.9,70.1,10,450,54692
46,-5.693294642765183,16.97849244016138,0.8,81.2,10,460,55504
47,-1.3336303346267155,15.390554471819026,0.9,64.8,10,470,56152
48,1.3944941722624586,9.124801415634565,1.0,54.7,10,480,56699
49,-15.5607846919488,27.01092988955395,0.7,97.0,10,490,57669
50,-8.043531505278214,22.23055533803475,0.7,84.7,10,500,58516
51,-11.288266044268045,21.441477435156308,0.5,104.2,10,510,59558
52,-13.117692752572077,28.593692606550466,0.6,89.2,10,520,60450
53,-12.082636546951791,18.741158928929195,0.6,113.9,10,530,61589
54,1.831517853813724,5.8584722044063104,1.0,50.6,10,540,62095
55,-9.14080432352046,19.561028215819032,0.8,81.8,10,550,62913
56,-1.2026007463366386,14.821244865777013,0.9,56.9,10,560,63482
57,-3.686554369450372,13.416016756323835,0.9,70.8,10,570,64190
58,-8.7453504496218,20.891464951970804,0.6,91.4,10,580,65104
59,-8.850629162633373,23.128211176463505,0.7,79.7,10,590,65901
60,-1.634358330621272,18.737086151321506,0.9,63.1,10,600,66532
61,-12.876073443603849,24.436799397877007,0.7,92.2,10,610,67454
62,-0.055747629369584925,9.207667979256883,1.0,60.7,10,620,68061
63,-2.1937270956385335,14.944791650552201,0.9,64.5,10,630,68706
64,-2.482838738731389,14.241315210388354,0.9,58.6,10,640,69292
65,6.581341513894276,5.442022309793274,1.0,22.6,10,650,69518
66,4.867677378068405,4.916303650178083,1.0,41.3,10,660,69931
67,-6.637385453562625,18.276238063633542,0.6,92.5,10,670,70856
68,-10.389497796250607,19.54304995571578,0.6,85.1,10,680,71707
69,5.72410352892904,4.1108509751310915,1.0,32.4,10,690,72031
70,-5.879026214406283,16.501897695221437,0.9,65.9,10,700,72690
71,4.658727897576938,9.882813616886551,0.9,36.7,10,710,73057
72,-10.11815290832158,20.135385779898986,0.7,98.4,10,720,74041
73,-21.652879296488145,20.870972219667507,0.3,142.1,10,730,75462
74,-0.4337038731483919,8.368634636841762,1.0,60.9,10,740,76071
75,1.7085806042513814,8.363877291826322,1.0,57.2,10,750,76643
76,-0.466036853518313,13.06322239516681,0.9,62.4,10,760,77267
77,-25.636570085649744,28.823124569351243,0.5,114.8,10,770,78415
78,0.5468720979332743,5.629774821418497,1.0,61.9,10,780,79034
79,-27.84563042139312,28.6836322075327,0.4,131.2,10,790,80346
80,5.083050214224097,6.789905398277826,1.0,39.2,10,800,80738
81,-1.1917356159459054,18.433030819319335,0.8,56.8,10,810,81306
82,7.347196125305324,5.463297474365488,1.0,27.0,10,820,81576
83,1.0223824104459829,6.96638467323735,1.0,62.2,10,830,82198
84,-0.26342244033722045,12.758911930058252,0.9,57.6,10,840,82774
85,-2.919590198225216,8.417918009774594,1.0,80.2,10,850,83576
86,-0.47858008977453964,8.707643794722387,1.0,63.5,10,860,84211
87,3.1647089584950763,8.686790467377266,1.0,48.3,10,870,84694
88,3.047765128570435,6.100152933443309,1.0,43.8,10,880,85132
89,-2.937461848262095,19.786256465820465,0.8,63.0,10,890,85762
90,0.9370241825082299,7.138286369398736,1.0,52.9,10,900,86291
91,6.0913520703917,9.609719221125674,0.9,31.5,10,910,86606
92,-7.779160385120283,19.99318326473658,0.7,86.0,10,920,87466
93,4.280872543591247,11.15026231615476,0.9,33.5,10,930,87801
94,2.497334713049635,8.906590462678286,1.0,49.7,10,940,88298
95,0.42818636873603316,15.257013689017715,0.8,54.6,10,950,88844
96,-15.07927314182528,28.781863237522828,0.6,90.6,10,960,89750
97,-8.679748535361202,17.00596525842553,0.7,104.0,10,970,90790
98,-4.349437767792264,19.82923381834721,0.7,70.4,10,980,91494
99,4.794114455055662,5.365109681754728,1.0,40.6,10,990,91900
100,-2.1320191468900176,14.58218197691976,0.9,62.9,10,1000,92529
101,5.244445498360509,6.717006903927246,1.0,34.3,10,1010,92872
102,4.7848099249808875,5.064404099817871,1.0,32.8,10,1020,93200
103,-3.1227037178560826,16.461952498559594,0.7,56.8,10,1030,93768
104,-2.032088556109921,21.069075215605228,0.8,52.1,10,1040,94289
105,-9.298633513937776,18.853711865989222,0.8,85.6,10,1050,95145
106,2.298845590691859,11.786695446188832,0.9,49.9,10,1060,95644
107,-3.086229387853816,21.133159803879018,0.8,60.6,10,1070,96250
108,-16.416315883057106,22.897402700336777,0.5,113.0,10,1080,97380
109,1.9825755467592132,13.54373727054789,0.9,47.6,10,1090,97856
110,-17.25647826800026,22.37220954718138,0.5,113.8,10,1100,98994
111,4.929422747447353,6.081036359971962,1.0,39.2,10,1110,99386
112,1.8507940263918052,10.257086026938074,0.9,51.8,10,1120,99904
113,3.7693550882398528,6.252688958009837,1.0,37.5,10,1130,100279
114,-19.011409678286356,21.26257880719288,0.5,122.1,10,1140,101500
115,3.9927259549913856,5.834548239640323,1.0,44.8,10,1150,101948
116,2.3337403439013156,6.552442062526731,1.0,42.9,10,1160,102377
117,6.630893935706753,4.188345638101515,1.0,21.6,10,1170,102593
118,-1.214711275450982,10.641511261915367,0.9,68.7,10,1180,103280
119,4.080847338911836,3.8458310482764855,1.0,40.5,10,1190,103685
120,2.400000028396792,10.652833813670838,0.9,47.5,10,1200,104160
121,5.527930613416533,6.7157746722728655,1.0,29.9,10,1210,104459
122,-15.90226397698521,25.556601897708283,0.5,103.1,10,1220,105490
123,-10.672695027879845,24.401008232660068,0.7,79.9,10,1230,106289
124,0.5441587170080908,14.023419977122352,0.9,53.1,10,1240,106820
125,1.5126814594113314,10.189993002614965,0.9,51.0,10,1250,107330
126,-13.560691878029814,25.644374521018406,0.7,87.9,10,1260,108209
127,-17.35214965067359,17.29953745799591,0.7,120.1,10,1270,109410
128,0.6792451525387918,12.974373883934645,0.9,65.1,10,1280,110061
129,2.704906515581751,10.07911709077584,0.9,43.7,10,1290,110498
130,1.1248120774655692,10.052444925730597,1.0,63.9,10,1300,111137
131,-16.00446649017522,22.64132076343563,0.4,121.7,10,1310,112354
132,0.7028334243691761,6.580829613705196,1.0,57.0,10,1320,112924
133,-17.103144084400856,22.312051531410233,0.4,123.6,10,1330,114160
134,-5.418058908478555,19.929810181894673,0.7,71.5,10,1340,114875
135,-12.911540026232524,29.971718149772894,0.7,80.6,10,1350,115681
136,2.7944663642281027,7.016198057290194,1.0,50.6,10,1360,116187
137,6.316758053106109,4.195947627349734,1.0,23.3,10,1370,116420
138,-0.23863693871274821,16.57302189110918,0.9,54.8,10,1380,116968
139,-20.775608338667666,31.140949135667856,0.5,108.0,10,1390,118048
140,4.955639911385218,11.499855132414279,0.9,33.8,10,1400,118386
141,0.9243960605378216,15.941902119891648,0.9,46.0,10,1410,118846
142,-14.475898327017472,24.040216088316495,0.6,93.5,10,1420,119781
143,5.694838804021976,6.130613183309929,1.0,30.0,10,1430,120081
144,-11.035285767922062,24.45573493943629,0.6,89.8,10,1440,120979
145,3.5888554331400244,12.297368543334567,0.9,45.9,10,1450,121438
146,0.7679997083252493,12.12353251850453,0.9,58.4,10,1460,122022
147,0.22792722932326406,13.645281224404862,0.9,50.3,10,1470,122525
148,1.0153086184490931,12.725983707035462,0.9,56.2,10,1480,123087
149,-4.913847764789848,23.856043019385474,0.8,58.8,10,1490,123675
150,6.100949656570558,2.653362426801412,1.0,21.8,10,1500,123893
151,6.746257749159724,3.2707666241368796,1.0,21.3,10,1510,124106
152,-3.541110804340115,19.266723116229308,0.7,66.1,10,1520,124767
153,-0.4904939295745555,15.735590888270428,0.8,56.5,10,1530,125332
154,-17.427394950109814,27.759899886187107,0.5,104.0,10,1540,126372
155,6.863990038753345,3.424792875688622,1.0,22.8,10,1550,126600
156,5.903601773867824,9.690985589379013,0.9,32.0,10,1560,126920
157,5.741745576479721,9.70068541087415,0.9,30.7,10,1570,127227
158,0.307414575402877,13.062310691131694,0.9,56.5,10,1580,127792
159,3.2500303096578507,7.61084171810658,1.0,32.6,10,1590,128118
160,5.486952728041437,10.132749608929187,0.9,35.7,10,1600,128475
161,4.023226423178373,7.657037206409683,1.0,28.1,10,1610,128756
162,1.3716915479336902,16.27245587338185,0.9,46.1,10,1620,129217
163,4.783346555553955,7.454528603435713,1.0,35.4,10,1630,129571
164,-7.581262556431085,19.553372932038812,0.7,64.7,10,1640,130218
165,0.8413240351811648,9.961537412433598,1.0,39.2,10,1650,130610
166,6.252118142755902,7.003604598707657,1.0,25.0,10,1660,130860
167,-0.39340478896365366,6.894303101954315,1.0,53.8,10,1670,131398
168,-14.818469195312295,25.675797916425157,0.5,101.9,10,1680,132417
169,-3.9684529920527325,14.728806733667234,0.8,80.1,10,1690,133218
170,0.835578973130891,15.958985413591355,0.9,51.0,10,1700,133728
171,5.875738511832558,8.675225719863109,1.0,27.2,10,1710,134000
172,5.176422220131367,11.395165537676192,0.9,33.0,10,1720,134330
173,3.3598798515777775,7.984124744206467,1.0,38.3,10,1730,134713
174,8.687944338457383,2.1835358005108416,1.0,13.8,10,1740,134851
175,2.521728926137448,13.558767543170953,0.9,48.1,10,1750,135332
176,-11.16978199435257,26.533560083527085,0.7,82.1,10,1760,136153
177,8.686125238437313,1.7100392200993078,1.0,15.5,10,1770,136308
178,3.006527400397254,15.730223967130614,0.9,36.7,10,1780,136675
179,-9.06990421716242,19.418674725351135,0.5,102.9,10,1790,137704
180,-23.588674693465187,17.183481324971094,0.2,161.9,10,1800,139323
181,-6.575344644174363,16.597793141521237,0.7,89.9,10,1810,140222
182,-12.26030928630335,27.53301016001253,0.8,73.6,10,1820,140958
183,0.2982571078813431,17.427015810212563,0.9,41.8,10,1830,141376
184,4.696594570568072,8.390554983558316,1.0,29.5,10,1840,141671
185,-4.89294568688849,17.496142738255916,0.6,85.9,10,1850,142530
186,4.455690864038691,5.6767210079450425,1.0,30.6,10,1860,142836
187,6.150017753098574,3.0350588251314554,1.0,24.8,10,1870,143084
188,6.201815770101983,6.8544288680770045,0.9,11.1,10,1880,143195
189,5.932084651599103,11.697330636070422,0.9,28.9,10,1890,143484
190,-16.36268875566716,22.25854696625949,0.5,117.6,10,1900,144660
191,2.8651780321998688,12.456571512929116,0.9,37.9,10,1910,145039
192,7.8835180718990925,2.43980058781788,1.0,14.0,10,1920,145179
193,-0.34661165763317997,15.536553707195473,0.8,50.2,10,1930,145681
194,-8.97991974297279,23.88652833517255,0.7,67.2,10,1940,146353
195,-1.3911813225948972,15.664201315677754,0.8,61.7,10,1950,146970
196,1.5823547294914544,15.574693426724094,0.8,47.9,10,1960,147449
197,-1.8754898852763033,19.063574252019365,0.8,38.7,10,1970,147836
198,-22.752746532152607,31.999228138645474,0.5,105.4,10,1980,148890
199,5.523255037964782,6.945154520978507,1.0,33.2,10,1990,149222
200,-8.966986551127002,23.32055475686369,0.6,84.5,10,2000,150067
201,-12.927209220710216,25.442701995179142,0.6,70.1,10,2010,150768
202,5.814608988448988,10.966038669526146,0.9,28.5,10,2020,151053
203,2.6681110969288975,16.44156742868782,0.9,35.3,10,2030,151406
204,-4.012593302569437,20.879537623290105,0.7,66.7,10,2040,152073
205,7.282647183698162,4.599648220557096,1.0,16.7,10,2050,152240
206,3.6524637728772396,7.109761953361957,1.0,40.4,10,2060,152644
207,2.8412900095450153,13.185113449811956,0.9,37.9,10,2070,153023
208,-17.8152039981237,24.642941481630405,0.4,121.1,10,2080,154234
209,2.9480950490632574,12.387347726974639,0.9,41.9,10,2090,154653
210,4.8379606520534875,7.413891449819952,1.0,29.0,10,2100,154943
211,-6.90857971122138,14.618273292174834,0.7,73.0,10,2110,155673
212,0.7275277150467637,14.36049847670381,0.9,42.9,10,2120,156102
213,-23.255865812036433,19.337069951295348,0.3,146.3,10,2130,157565
214,-1.8188601973474534,16.518608303210364,0.9,52.0,10,2140,158085
215,-12.34466725117381,22.776396064718828,0.6,96.9,10,2150,159054
216,-3.268987527534938,23.82106027618002,0.8,49.5,10,2160,159549
217,-24.03056317056492,23.141101856422956,0.3,142.0,10,2170,160969
218,7.597531769709607,1.4191002662338268,1.0,16.5,10,2180,161134
219,3.2107875411117464,14.643917513519241,0.9,32.8,10,2190,161462
220,0.5918383026840832,14.554542313046088,0.9,50.5,10,2200,161967
221,-0.9620941747822762,16.70012221500714,0.8,55.1,10,2210,162518
222,2.811483680014794,14.344447005362662,0.9,35.0,10,2220,162868
223,3.1957994793924867,12.44149268794623,0.9,36.7,10,2230,163235
224,1.620049505498504,12.984690811784692,0.9,40.6,10,2240,163641
225,-6.0902409302536125,18.108916850357026,0.6,70.0,10,2250,164341
226,2.288342861227968,13.403473073705017,0.9,37.4,10,2260,164715
227,0.45500967788526153,17.951503948974853,0.8,47.0,10,2270,165185
228,-5.614742103157572,19.02846135583418,0.7,71.9,10,2280,165904
229,-4.870240962731496,18.58697200941461,0.6,83.2,10,2290,166736
230,-2.987811560230974,13.769688326198995,0.8,58.9,10,2300,167325
231,3.161333549957721,10.477538930648844,0.9,55.8,10,2310,167883
232,6.183984118349597,5.857278724553098,1.0,25.2,10,2320,168135
233,5.7455904487231155,5.585046535039144,1.0,26.3,10,2330,168398
234,2.414552595851411,14.146493636243274,0.8,46.2,10,2340,168860
235,8.598694542164584,4.016965733625025,1.0,19.9,10,2350,169059
236,4.8661632274593165,9.05603311610902,1.0,41.8,10,2360,169477
237,7.209638260403113,2.940440650121655,1.0,15.5,10,2370,169632
238,-0.8009121523174606,17.093124591207904,0.9,37.2,10,2380,170004
239,-9.580429622145852,17.787775709149475,0.5,72.4,10,2390,170728
240,-9.570189022783671,20.132042250518502,0.6,78.7,10,2400,171515
241,5.558383746182428,6.517987931609878,1.0,41.7,10,2410,171932
242,1.97560969047586,14.96791935010312,0.8,46.2,10,2420,172394
243,-0.978489438168723,13.454518113084374,0.9,56.8,10,2430,172962
244,-9.183194206447876,23.139353075797302,0.7,79.8,10,2440,173760
245,-4.368726043584115,20.929895348125903,0.8,66.8,10,2450,174428
246,-0.8370066566309216,10.75247083911551,0.9,53.1,10,2460,174959
247,8.66487140307857,2.9083130002815514,1.0,14.6,10,2470,175105
248,5.024039038112996,10.635106689823745,0.9,31.6,10,2480,175421
249,-13.251728053454451,21.813608689445935,0.5,94.2,10,2490,176363
250,0.1375053943646952,9.64886894453,0.9,51.1,10,2500,176874
251,-6.899283688703247,17.288122820132482,0.7,86.2,10,2510,177736
252,0.5698348566057572,16.953937537777445,0.8,48.8,10,2520,178224
253,2.598245406443742,13.648352963102388,0.8,48.3,10,2530,178707
254,0.34649013346457613,16.47266072792385,0.8,52.9,10,2540,179236
255,-0.39616875238928256,16.31372087454962,0.8,56.5,10,2550,179801
256,-5.810320972917108,18.85192640198811,0.7,69.1,10,2560,180492
257,7.282283826208283,4.5803981908161395,1.0,18.6,10,2570,180678
258,-3.1168865841717364,20.32582158717077,0.8,52.3,10,2580,181201
259,4.743308914441268,9.783579309013907,0.9,36.2,10,2590,181563
260,4.067744190340268,5.1226192891190365,1.0,31.7,10,2600,181880
261,1.3100868783488782,12.942085201308865,0.8,55.3,10,2610,182433
262,-0.01091821504100281,16.902898273978458,0.8,51.3,10,2620,182946
263,-0.7867842438750223,16.77758261609025,0.7,65.0,10,2630,183596
264,9.04187242675038,2.4154754022286204,1.0,12.6,10,2640,183722
265,0.4357496762068852,18.956078844271804,0.8,44.9,10,2650,184171
266,-5.43465739462343,17.08327677913254,0.8,88.2,10,2660,185053
267,2.769353295280259,12.168974312719898,0.9,29.9,10,2670,185352
268,1.0053890587945102,11.226087503653506,0.9,52.8,10,2680,185880
269,-4.208582673452053,21.109070132049755,0.7,64.5,10,2690,186525
270,8.892331397369828,2.6888561551581853,1.0,15.4,10,2700,186679
271,2.823280295735172,17.34963835213956,0.9,31.8,10,2710,186997
272,-10.775979532345973,21.613262845375708,0.5,71.8,10,2720,187715
273,-6.429860893287346,20.883567726423387,0.6,82.2,10,2730,188537
274,7.4427800166333835,3.811871668413771,1.0,12.7,10,2740,188664
275,6.9257486353418685,10.028979936411691,0.9,25.6,10,2750,188920
276,-5.909715112180035,26.55228076531993,0.8,52.1,10,2760,189441
277,-10.786800150684323,22.082741963879485,0.5,71.9,10,2770,190160
278,-1.9615531706134361,17.875638381127935,0.7,65.0,10,2780,190810
279,5.233197247032349,10.050400199117176,0.9,28.7,10,2790,191097
280,4.293931379734141,14.977890738037793,0.9,29.1,10,2800,191388
281,5.323785227697327,6.595147611027299,1.0,32.9,10,2810,191717
282,5.353083152422806,11.657962522445308,0.9,28.1,10,2820,191998
283,4.847037458964009,10.399655603468515,0.9,31.6,10,2830,192314
284,4.958981226119,11.79560462499518,0.9,31.5,10,2840,192629
285,-24.48065542313045,27.10494388803544,0.4,102.2,10,2850,193651
286,4.547910767774978,9.190355023512332,1.0,49.1,10,2860,194142
287,-12.703157827396023,25.78582161511117,0.6,81.9,10,2870,194961
288,-9.259396379990887,20.30559089528666,0.6,94.7,10,2880,195908
289,-2.505609521695235,19.50254485563868,0.7,49.7,10,2890,196405
290,-5.381586697482717,18.23574331208033,0.6,84.8,10,2900,197253
291,1.4299586447718202,13.579093520825865,0.8,49.2,10,2910,197745
292,-13.012413471355288,22.502713328807125,0.5,102.5,10,2920,198770
293,1.0034348988783137,8.155938182909974,1.0,30.8,10,2930,199078
294,3.6492854283497005,17.156455753944293,0.9,27.6,10,2940,199354
295,-6.987041387137571,22.24943515267517,0.7,77.8,10,2950,200132
296,4.012178946398653,5.853746350292151,1.0,38.0,10,2960,200512
297,-10.193121880819472,20.377500035682107,0.5,103.4,10,2970,201546
298,-1.0698650677471953,13.148688647157961,0.9,65.7,10,2980,202203
299,4.29906584548622,11.989110351972604,0.9,31.3,10,2990,202516
300,-4.236708313115619,15.735579396878355,0.9,70.9,10,3000,203225
301,-8.733951944714434,21.113859452190724,0.6,86.8,10,3010,204093
302,6.680288158021983,6.152494776472565,1.0,20.4,10,3020,204297
303,-4.960009741256438,21.12637695593386,0.7,68.4,10,3030,204981
304,-2.8597605306804144,18.548168017437188,0.7,66.8,10,3040,205649
305,4.3772281187003514,10.150271372970861,0.9,32.3,10,3050,205972
306,-2.1360135649713947,15.431805236289996,0.9,70.7,10,3060,206679
307,-1.498270851375222,17.96136988453176,0.9,49.9,10,3070,207178
308,3.5707371856709096,9.237139747481928,1.0,34.5,10,3080,207523
309,-4.870248285728418,19.86104596627895,0.7,72.3,10,3090,208246
310,4.477037810208105,12.94547303744616,1.0,21.7,10,3100,208463
311,-9.714987481625213,27.94381414032493,0.6,64.7,10,3110,209110
312,1.1057221346239716,9.434122386436135,0.9,26.1,10,3120,209371
313,-7.344609968306644,16.08236554755421,0.6,62.2,10,3130,209993
314,-11.812799998135953,20.05810406552934,0.4,79.5,10,3140,210788
315,5.8342770454102,8.122191771309929,1.0,29.2,10,3150,211080
316,-5.865453488246129,24.362250512734025,0.7,51.0,10,3160,211590
317,7.725307619121493,5.092863973588714,1.0,18.9,10,3170,211779
318,-7.399885147947321,20.989090287098037,0.6,72.2,10,3180,212501
319,-22.029348132029703,27.94398956033049,0.4,121.1,10,3190,213712
320,0.40592329798214377,13.189728733298795,0.8,60.4,10,3200,214316
321,2.350209443137433,12.411159449641856,0.9,43.2,10,3210,214748
322,-3.274699046247246,15.893957797115961,0.7,76.8,10,3220,215516
323,-0.5729221907684281,10.894663388912477,0.9,34.3,10,3230,215859
324,-6.153536459993797,20.7635233108921,0.7,67.9,10,3240,216538
325,3.536336008172062,10.570865664532164,0.9,42.4,10,3250,216962
326,7.040734581187435,2.9654677518157215,1.0,13.6,10,3260,217098
327,-27.65802386753892,27.90764336149027,0.3,114.7,10,3270,218245
328,8.824201838556412,2.235770178662916,1.0,12.7,10,3280,218372
329,-7.335409704252032,25.80651778747767,0.7,66.3,10,3290,219035
330,1.2943253069947356,12.139303241104193,0.9,64.7,10,3300,219682
331,-11.180096336708408,24.459323859680755,0.6,75.0,10,3310,220432
332,-12.843210544219806,23.614617925679536,0.5,102.8,10,3320,221460
333,5.35230593747694,5.915489511873012,1.0,24.1,10,3330,221701
334,-7.308179405301504,20.065928467698853,0.6,83.9,10,3340,222540
335,-0.27168310014161995,13.894061774100248,0.8,54.9,10,3350,223089
336,-0.989649565064268,14.898632114430177,0.8,59.1,10,3360,223680
337,-0.38631234591445285,14.246208845557232,0.9,47.0,10,3370,224150
338,-10.426732221109706,18.118690956559682,0.6,78.4,10,3380,224934
339,-15.156309117207417,24.985084372521474,0.5,104.2,10,3390,225976
340,6.065648568328993,10.905044542616674,0.9,30.4,10,3400,226280
341,-0.9603219975607875,15.460773605122611,0.8,51.2,10,3410,226792
342,-4.74507330575787,21.451516311870407,0.7,55.5,10,3420,227347
343,1.4054470568424473,13.773387662894699,0.8,57.0,10,3430,227917
344,-13.74781130021142,19.242443440582925,0.5,106.6,10,3440,228983
345,-1.0866440738013448,9.48476923256398,1.0,61.5,10,3450,229598
346,7.1576094402238395,8.521397935698875,1.0,26.8,10,3460,229866
347,-19.714366267874375,21.327076858444325,0.3,105.7,10,3470,230923
348,5.1684439472304105,10.156276398684854,0.9,28.0,10,3480,231203
349,4.871585340796736,11.214771633791626,0.9,18.8,10,3490,231391
350,-3.4482471362476175,17.249164274708065,0.6,64.5,10,3500,232036
351,4.920259672236467,10.540200416983476,1.0,35.7,10,3510,232393
352,5.841121635678299,4.222523606111148,1.0,22.3,10,3520,232616
353,2.096943845611505,11.165590454248802,0.9,51.3,10,3530,233129
354,-8.821401927096987,22.396398362199644,0.7,68.5,10,3540,233814
355,-0.9694321545150679,17.88535985630283,0.7,44.7,10,3550,234261
356,6.231563197722933,6.907653865166913,1.0,35.9,10,3560,234620
357,4.9772365381971255,14.810162645727292,0.9,25.8,10,3570,234878
358,-10.33100744652188,22.120337141280007,0.9,93.0,10,3580,235808
359,9.847670818133276,0.9386252678947862,1.0,8.1,10,3590,235889
360,7.419344502264113,3.65581011497211,1.0,17.9,10,3600,236068
361,6.70109415802952,9.920901080606663,0.9,25.9,10,3610,236327
362,9.530236146937742,1.4471431246059707,1.0,10.8,10,3620,236435
363,8.671562608018938,2.382230287904936,1.0,9.7,10,3630,236532
364,6.692601322452712,10.206327579570798,0.9,10.1,10,3640,236633
365,3.6106370825131244,16.709546649131994,0.9,32.7,10,3650,236960
366,6.732779031703423,5.054844819959462,1.0,23.3,10,3660,237193
367,-1.3451670803228784,19.535976179601608,0.9,39.2,10,3670,237585
368,-7.673998729479966,16.445644648498583,0.5,53.8,10,3680,238123
369,-2.686360886552002,16.823135807921858,0.7,53.7,10,3690,238660
370,-17.83192157092575,20.203348909169257,0.4,106.7,10,3700,239727
371,-2.9965496348921596,21.296032129611582,0.7,44.7,10,3710,240174
372,2.5301405636740943,12.947214458284334,0.9,44.7,10,3720,240621
373,-28.85539983905956,32.237430160739166,0.4,113.4,10,3730,241755
374,-1.481596926053228,15.367756160695194,0.7,48.8,10,3740,242243
375,-1.7492079774705238,17.05675049059296,0.7,54.6,10,3750,242789
376,0.4849292334743124,15.169434492365657,0.8,59.8,10,3760,243387
377,-0.6104869068794079,13.805160256353668,0.6,27.7,10,3770,243664
378,-3.150059634207742,12.597981950185483,0.9,68.8,10,3780,244352
379,-12.947039084940178,18.281083634530834,0.4,93.3,10,3790,245285
380,-15.195213735278477,22.33164475193358,0.4,104.4,10,3800,246329
381,2.7354052441907433,10.976448821970623,0.9,45.9,10,3810,246788
382,-1.9751855230449102,18.195720163512714,0.7,65.4,10,3820,247442
383,8.462264285778396,3.7003712569446785,1.0,19.2,10,3830,247634
384,-9.9811652799012,19.355009898994563,0.5,89.8,10,3840,248532
385,0.5433555777735485,13.569907220344032,0.8,62.9,10,3850,249161
386,-5.2728649610576825,15.330433656972765,0.6,51.4,10,3860,249675
387,5.795622717337482,10.78975503902924,0.9,11.2,10,3870,249787
388,-13.713303043440751,19.062573371136285,0.5,118.2,10,3880,250969
389,6.771149368955584,3.936842560802131,1.0,22.7,10,3890,251196
390,-7.430411930070065,19.520451423175714,0.5,48.2,10,3900,251678
391,5.354662051721236,6.463014037375846,1.0,31.4,10,3910,251992
392,-9.266426586098351,22.49725718782361,0.6,70.5,10,3920,252697
393,0.3245094980264895,7.595399165634432,0.8,24.5,10,3930,252942
394,8.851454413821928,3.058374856881122,1.0,9.9,10,3940,253041
395,-12.276344125923709,19.03262739498466,0.5,88.2,10,3950,253923
396,-10.003416445892743,17.422975690214095,0.6,96.1,10,3960,254884
397,-2.0037666088485566,14.951382922899233,0.8,68.2,10,3970,255566
398,-15.911046609231784,22.16171203156318,0.5,80.7,10,3980,256373
399,7.779488629105946,3.900374432982503,1.0,20.1,10,3990,256574
400,-14.431020789611,16.485706864686243,0.3,90.2,10,4000,257476
401,-7.441958432208091,22.30331633370576,0.6,51.3,10,4010,257989
402,-3.3005659646222427,18.079147819250274,0.7,48.2,10,4020,258471
403,8.402875748819993,2.192895106432535,1.0,14.6,10,4030,258617
404,3.5673183427247053,11.822404783722671,0.9,36.8,10,4040,258985
405,-16.968764191629674,20.225693520362285,0.3,104.6,10,4050,260031
406,8.14825651602954,3.4022919700512664,1.0,18.6,10,4060,260217
407,-12.508917912168588,20.602314558657845,0.5,56.7,10,4070,260784
408,5.723032335229459,11.231309301869913,0.9,27.0,10,4080,261054
409,1.6712997239522012,14.00616963470131,0.8,51.4,10,4090,261568
410,-2.973543930907282,16.594916978132186,0.6,64.3,10,4100,262211
411,8.338316811829747,1.7981995886589988,1.0,15.9,10,4110,262370
412,-15.475583609381612,14.326793936556772,0.2,88.9,10,4120,263259
413,5.327605073456253,7.3315945602907435,1.0,27.9,10,4130,263538
414,-13.008075153507201,19.938780116533575,0.4,86.5,10,4140,264403
415,-10.124381017118523,21.371287850689356,0.5,85.2,10,4150,265255
416,-13.178750112388062,16.55806446800861,0.3,86.6,10,4160,266121
417,5.639674862379287,13.731697965956574,0.9,11.6,10,4170,266237
418,-2.222778367968258,15.40387634373336,0.8,66.4,10,4180,266901
419,4.376099519758007,9.59871324880074,0.9,30.6,10,4190,267207
420,2.944235193726912,11.178575623867141,0.9,45.6,10,4200,267663
421,7.159090781132444,7.807337141475732,0.9,12.1,10,4210,267784
422,-5.1052192077119205,19.980575987136227,0.7,68.1,10,4220,268465
423,5.248410286845956,11.270890588447621,0.9,28.2,10,4230,268747
424,-0.6610421621280123,16.781520211443485,0.7,45.7,10,4240,269204
425,8.540478496198794,3.0679535156641555,1.0,13.5,10,4250,269339
426,-4.667447391353572,18.381491981291905,0.6,66.3,10,4260,270002
427,-9.52092073952862,19.97316276255473,0.5,69.0,10,4270,270692
428,-8.594477192878717,22.316101286944747,0.6,83.3,10,4280,271525
429,-0.0314598385542391,9.319799150821588,0.9,35.4,10,4290,271879
430,-15.751682985248815,17.671833567571973,0.3,72.7,10,4300,272606
431,-9.733639575649732,17.021215977390753,0.4,49.9,10,4310,273105
432,3.337883060048695,9.972048265784622,0.9,49.1,10,4320,273596
433,5.382934351213333,6.271072936350917,1.0,30.4,10,4330,273900
434,-2.43950904847439,15.638621220083271,0.8,63.5,10,4340,274535
435,-2.8838826765050407,22.112066139420353,0.7,45.2,10,4350,274987
436,-2.3835776579906405,16.920586184800698,0.7,47.5,10,4360,275462
437,1.7429809673309804,13.045367011892505,0.9,48.4,10,4370,275946
438,4.09614711211578,10.244011558394657,0.9,37.3,10,4380,276319
439,2.34374875352054,14.257887132841896,0.8,45.8,10,4390,276777
440,-9.171537715350365,21.022645760453603,0.5,69.5,10,4400,277472
441,4.460474136579609,6.498432631820942,1.0,35.9,10,4410,277831
442,0.31122721253339536,13.161586251981053,0.9,43.0,10,4420,278261
443,-18.827097570594894,19.55073806734383,0.3,106.5,10,4430,279326
444,6.285091833125828,4.549527456602485,1.0,10.9,10,4440,279435
445,0.46386595648469325,11.671608360649623,0.9,30.4,10,4450,279739
446,-7.5277455401346005,19.428636728750266,0.5,54.8,10,4460,280287
447,-18.388804597065906,19.264761236739755,0.3,123.6,10,4470,281523
448,5.409792636902205,7.342811651328198,1.0,33.9,10,4480,281862
449,6.573527150866729,4.912987066124325,1.0,27.9,10,4490,282141
450,-11.68632792627999,18.676282496700562,0.4,70.1,10,4500,282842
451,-24.77188279787721,17.775741806551405,0.2,129.1,10,4510,284133
452,-2.431772213102466,16.738691603460747,0.7,69.0,10,4520,284823
453,-8.314544856122586,18.299721626865814,0.5,53.1,10,4530,285354
454,4.845885003858768,11.077163490319732,0.9,35.7,10,4540,285711
455,-12.210635413885257,22.48807986324911,0.5,67.5,10,4550,286386
456,-0.47637782164615566,14.80170999858976,0.7,33.6,10,4560,286722
457,7.825446771588133,4.171943401422611,1.0,15.3,10,4570,286875
458,-7.001342783268863,18.781299743815918,0.6,85.3,10,4580,287728
459,9.0367214135774,2.4717311163749063,1.0,8.3,10,4590,287811
460,1.7312920089122197,13.82027895472642,0.8,46.4,10,4600,288275
461,7.984902475411576,3.9700610761771125,1.0,20.9,10,4610,288484
462,7.273303515749916,7.2931402431328625,1.0,21.1,10,4620,288695
463,-15.141232962368784,24.10594719508345,0.4,69.9,10,4630,289394
464,-9.774558125153709,20.687918391199858,0.5,101.9,10,4640,290413
465,6.34545655524815,9.877647908729378,0.9,9.0,10,4650,290503
466,-8.5163911336344,15.961804543708181,0.6,86.3,10,4660,291366
467,3.1648253619139197,15.257786044507569,0.9,43.3,10,4670,291799
468,-8.875741386120453,20.36243208854027,0.5,83.3,10,4680,292632
469,-4.043304112430727,16.00183335664017,0.8,71.6,10,4690,293348
470,3.589898991304738,11.408926995768699,0.9,39.8,10,4700,293746
471,-1.4980076958279853,17.632097869769453,0.7,65.0,10,4710,294396
472,-15.708545011659671,22.399349029093003,0.4,104.8,10,4720,295444
473,6.083902833118659,4.393741880356563,1.0,31.2,10,4730,295756
474,-11.78834590458042,18.400305478157144,0.4,69.3,10,4740,296449
475,8.383710787483531,1.895979345854316,1.0,9.7,10,4750,296546
476,6.089003435594312,10.17356303948446,0.9,13.6,10,4760,296682
477,-4.209964757854593,18.272080422265876,0.6,65.3,10,4770,297335
478,7.190858818513476,8.44120939156,0.9,11.7,10,4780,297452
479,-23.99073308380211,13.904396164903945,0.1,126.0,10,4790,298712
480,-0.42462806934502256,16.101167186888148,0.7,64.5,10,4800,299357
481,8.501282402281882,2.5589948535247657,1.0,7.9,10,4810,299436
482,5.596130428694169,7.162539156864857,0.9,19.8,10,4820,299634
483,0.15271319182766785,10.451126200617502,1.0,66.5,10,4830,300299
484,-1.659093338606636,14.162914882219045,0.6,29.4,10,4840,300593
485,-14.510188741334513,24.637660486546984,0.5,85.8,10,4850,301451
486,-2.1959504498321776,15.45181024248328,0.9,66.6,10,4860,302117
487,-8.093206301159526,17.064638220218715,0.6,86.6,10,4870,302983
488,-9.056862109493414,24.26212803573597,0.6,72.4,10,4880,303707
489,2.5942827429453708,12.882444985962701,0.8,46.8,10,4890,304175
490,-13.158033340334262,20.1184682567856,0.4,103.9,10,4900,305214
491,-5.900779520743574,14.837557632094605,0.5,48.0,10,4910,305694
492,-10.609836359172704,19.796690387487143,0.4,65.8,10,4920,306352
493,1.3838109450510916,13.89470828208218,0.7,28.1,10,4930,306633
494,-8.746960237388121,18.080086389708732,0.5,51.2,10,4940,307145
495,-1.7016911968880497,18.082301555918118,0.7,63.5,10,4950,307780
496,1.3747895585987147,17.294683596004642,0.8,45.0,10,4960,308230
497,-5.2905149475500775,15.958187492805889,0.5,47.7,10,4970,308707
498,10.341777348429094,0.37593828469181884,1.0,5.5,10,4980,308762
499,-4.098908173067507,18.789112695258957,0.6,30.0,10,4990,309062
500,-0.5821878376892446,14.077152464612062,0.7,46.4,10,5000,309526
501,0.26980479867178103,14.437936327071558,0.7,35.9,10,5010,309885
502,-7.707133533163656,18.063516448004556,0.5,66.4,10,5020,310549
503,4.019352458647404,10.774958693029392,0.9,44.8,10,5030,310997
504,-1.0506667244497148,16.493022861526757,0.7,52.7,10,5040,311524
505,-3.156274142997154,14.15074872791548,0.5,29.4,10,5050,311818
506,-7.010888679366468,21.313926111832487,0.6,64.9,10,5060,312467
507,2.6466153011115563,15.118061113534914,0.8,34.3,10,5070,312810
508,1.2847654695579898,14.485052905817136,0.8,27.3,10,5080,313083
509,1.1353292488078726,13.094168284779084,0.7,26.6,10,5090,313349
510,-9.70974281532555,16.286812188231,0.4,53.6,10,5100,313885
511,1.8818714026974153,15.374502005547527,0.8,47.9,10,5110,314364
512,5.187014202103327,11.647254206866839,0.9,29.5,10,5120,314659
513,-16.316297259846756,23.31058309429194,0.4,72.1,10,5130,315380
514,-8.870670081206521,19.557823628549496,0.5,101.7,10,5140,316397
515,5.928530686399258,8.285411443767861,1.0,35.1,10,5150,316748
516,2.4345680454091103,11.649742992816227,0.9,31.0,10,5160,317058
517,-10.441652250757697,22.526131762437316,0.5,66.6,10,5170,317724
518,-0.3656366083828534,14.00299852339561,0.6,25.9,10,5180,317983
519,-5.893919444629685,17.052214791514785,0.6,93.0,10,5190,318913
520,-4.104784735480846,18.1338307041997,0.6,81.8,10,5200,319731
521,-6.900970277695123,17.48970833880074,0.6,77.1,10,5210,320502
522,8.083701703405078,2.7592941553600707,1.0,14.9,10,5220,320651
523,-4.237998778349632,18.838842277355106,0.6,48.4,10,5230,321135
524,0.8435325036078899,12.658336414099525,0.9,48.7,10,5240,321622
525,-5.507821414408601,24.044992430061505,0.6,30.5,10,5250,321927
526,-7.363440067754288,15.828630147625391,0.6,56.4,10,5260,322491
527,-2.473114426432788,15.465310952735333,0.7,56.8,10,5270,323059
528,8.935898719371165,2.012385914216439,1.0,13.4,10,5280,323193
529,-8.141890553541568,18.863532211943465,0.5,84.7,10,5290,324040
530,0.6179196672491372,13.81852259526058,0.8,60.2,10,5300,324642
531,-2.0829977433735127,16.772919056825984,0.7,38.3,10,5310,325025
532,6.266369712711015,3.0560011301118446,1.0,20.5,10,5320,325230
533,6.090958722827477,8.047851149465783,1.0,28.7,10,5330,325517
534,0.2043931656042764,17.297556943866724,0.9,45.7,10,5340,325974
535,-0.34901529214055194,18.51497323857587,0.7,26.9,10,5350,326243
536,-6.628794395332706,17.800146710316582,0.5,47.7,10,5360,326720
537,7.429857260966301,7.0197949425598365,0.9,7.7,10,5370,326797
538,-7.29724630227354,15.640525399413013,0.4,31.9,10,5380,327116
539,-1.6772172705766013,15.525825316471348,0.6,27.8,10,5390,327394
540,2.6836638069478154,10.173946754865193,0.9,50.7,10,5400,327901
541,3.145673002192966,13.835625987898014,0.8,32.2,10,5410,328223
542,-12.095924662922254,18.45911267863517,0.4,70.0,10,5420,328923
543,-3.8557411324175233,22.051733043164088,0.7,45.9,10,5430,329382
544,4.613879600836755,6.607980114023648,1.0,28.7,10,5440,329669
545,-17.30091008028738,22.127910673816334,0.3,78.7,10,5450,330456
546,-6.648390716311508,20.82278987556638,0.6,62.0,10,5460,331076
547,0.1550513982040707,13.0439685357908,0.7,28.3,10,5470,331359
548,-3.0669613827824165,16.668671906551616,0.6,82.3,10,5480,332182
549,-10.279408187127958,16.947680759445017,0.4,69.3,10,5490,332875
550,1.3648372158998252,13.89710153318083,0.8,52.6,10,5500,333401
551,-14.51124026621872,21.5706549625311,0.4,103.0,10,5510,334431
552,-4.359088951847919,15.601053875284924,0.6,58.4,10,5520,335015
553,7.101543058861585,5.609661951623026,1.0,19.2,10,5530,335207
554,-7.53815282257592,19.008291515213024,0.5,83.0,10,5540,336037
555,-15.309939840695654,16.897971401458737,0.2,51.4,10,5550,336551
556,-4.941403617555091,18.1544172732015,0.6,85.2,10,5560,337403
557,-4.338598740220119,18.453143054997838,0.6,65.0,10,5570,338053
558,-13.63073623075885,17.552609722746976,0.3,87.5,10,5580,338928
559,-13.399547165280396,26.633856584297483,0.5,83.2,10,5590,339760
560,1.9349011036858201,14.968925363687488,0.9,39.8,10,5600,340158
561,-5.366536366143187,13.252990234080489,0.5,47.6,10,5610,340634
562,-12.28400923251435,20.024780665329672,0.4,75.7,10,5620,341391
563,-16.867331779624458,22.01796849415103,0.4,127.5,10,5630,342666
564,8.143650940059192,4.499288537043524,1.0,17.8,10,5640,342844
565,-6.848949053337259,21.851543563950962,0.6,82.4,10,5650,343668
566,10.35035191589559,0.45049764165983797,1.0,5.4,10,5660,343722
567,-1.3184997925849409,15.828021321542272,0.6,26.8,10,5670,343990
568,1.7688035837905036,15.942986482011376,0.8,36.1,10,5680,344351
569,1.569726897305296,15.384403105918029,0.8,51.4,10,5690,344865
570,-3.7967104846152866,15.304126143785615,0.6,37.6,10,5700,345241
571,-8.492500063481197,18.815449421022482,0.5,66.4,10,5710,345905
572,-13.37302204533014,16.09132776075019,0.3,87.1,10,5720,346776
573,-3.7369143052205613,14.85711159251505,0.5,47.7,10,5730,347253
574,-7.275760265946426,15.30388728570084,0.5,79.3,10,5740,348046
575,-2.2812660887491014,17.640950459613105,0.7,46.4,10,5750,348510
576,-1.9008548799821514,14.72901631597154,0.7,41.5,10,5760,348925
577,-19.28306993539253,19.94957600955854,0.2,86.1,10,5770,349786
578,-9.307697514783957,13.849013769946303,0.3,48.9,10,5780,350275
579,-4.133317295103211,17.57577479515135,0.7,84.1,10,5790,351116
580,-7.337266245301079,23.41876964096427,0.6,66.0,10,5800,351776
581,-7.409400760996631,13.70878058816228,0.4,34.6,10,5810,352122
582,5.049618105654186,10.805927084139478,0.9,38.4,10,5820,352506
583,2.4561438853557087,12.541248114142109,0.7,25.5,10,5830,352761
584,0.7547742452784634,12.740070728265941,0.9,62.8,10,5840,353389
585,-5.42291155585069,19.225684589777565,0.7,64.4,10,5850,354033
586,-10.555343620112064,16.48515020204831,0.4,86.1,10,5860,354894
587,9.501469552600211,1.3197394904932185,1.0,11.1,10,5870,355005
588,5.253111133834837,12.244770884902467,0.9,30.2,10,5880,355307
589,-28.29888440966249,13.79748664446692,0.0,126.5,10,5890,356572
590,3.564767057894889,11.1072650138906,0.9,50.2,10,5900,357074
591,-9.519494978729563,17.628019501150398,0.4,49.9,10,5910,357573
592,-9.811506293330712,14.40762060309982,0.6,75.5,10,5920,358328
593,-3.60453105011375,14.974232802393798,0.7,59.1,10,5930,358919
594,5.445111450196196,7.375662703878074,1.0,30.9,10,5940,359228
595,-14.706164996033305,22.263850288596696,0.5,89.6,10,5950,360124
596,4.886908471717273,10.951890143875891,0.9,31.4,10,5960,360438
597,5.791120488434439,11.317957814559868,0.9,28.6,10,5970,360724
598,-2.253744077303516,16.100987164494967,0.7,69.2,10,5980,361416
599,-14.891859050721973,20.70979095624269,0.4,121.5,10,5990,362631
600,-10.442635177777843,12.454173511896675,0.3,51.5,10,6000,363146
601,2.5197735275841815,7.372295234309076,1.0,33.8,10,6010,363484
602,7.4466327937107994,6.940891693930374,0.9,9.6,10,6020,363580
603,-6.296434246366724,15.301363621292278,0.6,69.1,10,6030,364271
604,-16.04723661571175,19.588903722852546,0.3,85.4,10,6040,365125
605,1.8411228218904037,11.165144542338151,0.9,41.7,10,6050,365542
606,3.285815150847344,14.282772365445313,0.8,28.5,10,6060,365827
607,-10.60256732860194,14.950460948306429,0.3,67.9,10,6070,366506
608,-16.1016485179126,18.40705007177799,0.3,72.4,10,6080,367230
609,-12.189594182455108,21.2085173537943,0.4,68.6,10,6090,367916
610,3.4287342705454433,11.419966663483372,0.9,50.0,10,6100,368416
611,5.907142549869412,11.180542945880635,0.9,27.2,10,6110,368688
612,-10.608871218093103,20.303232548942077,0.5,68.0,10,6120,369368
613,-14.908936795135205,18.754864947295943,0.4,105.1,10,6130,370419
614,-5.083035006592349,16.214260589824388,0.5,47.9,10,6140,370898
615,-15.149254573082407,18.3620503843437,0.3,103.5,10,6150,371933
616,-1.0878518325966855,11.839259478437047,0.8,62.8,10,6160,372561
617,-30.99790509681585,12.00887908808089,0.0,144.8,10,6170,374009
618,-7.262022849816702,13.338181758933233,0.4,47.7,10,6180,374486
619,-15.278967469616225,19.204878092067464,0.3,86.6,10,6190,375352
620,1.8661925862688555,10.149810944866976,1.0,55.6,10,6200,375908
621,-15.171355289720504,17.641019606357997,0.3,85.2,10,6210,376760
622,-13.471345726076397,19.88490241956758,0.4,88.7,10,6220,377647
623,6.441920076721277,10.138374984188546,0.9,28.2,10,6230,377929
624,-1.854232832722993,15.511228535071911,0.6,29.6,10,6240,378225
625,-4.548979631378133,18.208383224844138,0.6,82.0,10,6250,379045
626,-9.559512185084605,20.54519110763572,0.5,67.7,10,6260,379722
627,-4.318412497389734,17.088703758983677,0.7,82.1,10,6270,380543
628,-1.5942238710094752,15.319298200344841,0.6,45.9,10,6280,381002
629,-3.1917589775151165,16.724195124714456,0.6,82.7,10,6290,381829
630,-4.262780189401572,12.491477962717925,0.8,79.5,10,6300,382624
631,-10.473610344107165,16.51747266573855,0.4,50.2,10,6310,383126
632,-2.756888587354098,15.66615429370442,0.6,45.7,10,6320,383583
633,-2.87799816971728,15.232017006640048,0.6,33.7,10,6330,383920
634,-12.869447857369584,16.8907042081784,0.3,67.7,10,6340,384597
635,-8.122590339222937,26.978252014314887,0.7,61.1,10,6350,385208
636,-3.1596838623749655,16.47586817834274,0.7,78.1,10,6360,385989
637,-17.864250232129972,19.785502504327795,0.3,73.6,10,6370,386725
638,3.9822457184124014,12.84702902164445,0.9,32.1,10,6380,387046
639,8.942553629904813,2.588834576105239,1.0,11.7,10,6390,387163
640,7.607566185517752,3.8401367552909136,1.0,14.9,10,6400,387312
641,-0.23235790935931852,13.410905183752917,0.8,62.0,10,6410,387932
642,-11.708751857071011,23.775778783543284,0.6,93.7,10,6420,388869
643,-0.9784113784210071,13.890936183736985,0.6,31.0,10,6430,389179
644,-30.115113118920895,9.223287370007727,0.0,147.1,10,6440,390650
645,2.394971931660861,14.781672265355768,0.8,46.6,10,6450,391116
646,-10.085461146879194,14.939106457322168,0.4,70.0,10,6460,391816
647,-21.752067370914023,14.252882644443321,0.2,111.5,10,6470,392931
648,-6.193683829619578,13.80150930032261,0.6,42.1,10,6480,393352
649,-7.0162083599213645,18.902717834850915,0.6,54.1,10,6490,393893
650,4.272566430431713,9.335893776849298,1.0,35.4,10,6500,394247
651,2.4930746988104113,14.081022790728445,0.8,30.8,10,6510,394555
652,-1.2381143765601061,13.539100745352396,0.9,56.0,10,6520,395115
653,-6.148150649315248,17.36780910352024,0.5,67.7,10,6530,395792
654,3.3122204046386003,11.548265307639419,0.9,44.9,10,6540,396241
655,-12.189297932327339,15.131034710801073,0.3,86.5,10,6550,397106
656,-2.61153785513032,13.54020815430033,0.5,29.5,10,6560,397401
657,-0.611354829763917,16.46002618035109,0.7,63.3,10,6570,398034
658,6.454548751111249,11.770470012951563,0.9,24.7,10,6580,398281
659,-12.063396244488537,16.022921111114034,0.3,54.7,10,6590,398828
660,1.902339696489592,11.689827302454878,0.9,42.8,10,6600,399256
661,-18.051738873004243,22.420058792982346,0.4,121.7,10,6610,400473
662,0.9527068831820642,14.72717302625215,0.8,45.9,10,6620,400932
663,8.215960682429362,1.914609137548227,1.0,8.7,10,6630,401019
664,3.475473359060051,14.136515901204305,0.8,27.7,10,6640,401296
665,-5.488408162839614,19.1249881288095,0.6,30.3,10,6650,401599
666,-17.684117430308508,18.444231570150155,0.3,141.4,10,6660,403013
667,-5.891719930794939,16.476121064204353,0.5,52.3,10,6670,403536
668,0.34821102448775676,18.57665567064108,0.8,44.4,10,6680,403980
669,6.879477170172038,7.182794694352579,1.0,30.6,10,6690,404286
670,-7.009652173829411,15.62461002273551,0.7,107.2,10,6700,405358
671,0.3007672225547033,13.500195947270427,0.8,33.7,10,6710,405695
672,2.5971035058152294,14.945812263910607,0.8,45.4,10,6720,406149
673,6.2324759380890615,9.888509101419833,0.9,28.2,10,6730,406431
674,-14.568598809448863,16.80721845679685,0.3,87.2,10,6740,407303
675,7.69800158994534,3.505136025815658,1.0,8.0,10,6750,407383
676,-6.994523862905206,17.20147214707079,0.6,78.1,10,6760,408164
677,-11.746461519606278,18.77189256838091,0.5,103.5,10,6770,409199
678,7.032848451972425,3.5690784977384884,1.0,15.4,10,6780,409353
679,8.352462173229567,5.224114177970884,1.0,16.7,10,6790,409520
680,8.384290363278565,2.8169950648650204,1.0,17.7,10,6800,409697
681,2.240726578510499,12.202717846506204,0.9,47.6,10,6810,410173
682,-7.152956484096767,15.286630957726382,0.4,65.1,10,6820,410824
683,-25.7152358874339,19.91384182364829,0.2,127.5,10,6830,412099
684,-19.339308123147408,14.525836192172122,0.1,87.6,10,6840,412975
685,-17.191407657344776,18.884582380931842,0.3,88.4,10,6850,413859
686,-12.829047712282835,18.33181650743818,0.4,122.0,10,6860,415079
687,0.9327366372589369,14.225026781654982,0.8,61.2,10,6870,415691
688,3.1789947770095295,9.299341661805427,0.9,31.8,10,6880,416009
689,4.820478315852669,11.647454850795043,0.9,40.6,10,6890,416415
690,-6.422154760662794,20.873231398607775,0.6,82.8,10,6900,417243
691,-8.404183131210592,15.528248222948493,0.5,52.7,10,6910,417770
692,0.04681488927620716,10.71558899213779,0.8,39.2,10,6920,418162
693,-17.666783257077,13.317682287344265,0.2,107.6,10,6930,419238
694,2.5532989852745613,14.088772746642094,0.8,46.4,10,6940,419702
695,-15.581685626096396,19.01036799824685,0.3,92.7,10,6950,420629
696,-16.65057382433012,17.791411069705585,0.3,89.1,10,6960,421520
697,-4.632612969425347,19.0880810796381,0.6,63.9,10,6970,422159
698,0.8402941149811063,13.080115115064054,0.8,47.4,10,6980,422633
699,1.7921066659100564,13.293142451967398,0.8,27.9,10,6990,422912
700,-5.656081286208439,18.88972260768241,0.6,67.5,10,7000,423587
701,-0.486889384387937,12.185132571649381,0.7,30.5,10,7010,423892
702,4.375196472363664,10.771518806735502,0.9,19.8,10,7020,424090
703,-3.4986962561438006,11.725649190397364,0.6,30.3,10,7030,424393
704,-12.948008340933745,19.511102070890463,0.4,121.0,10,7040,425603
705,-31.067216116475414,23.977316745542737,0.2,126.6,10,7050,426869
706,5.6482806060639,9.562792092768248,0.8,6.6,10,7060,426935
707,1.1433720150041329,12.04101280724829,0.8,31.4,10,7070,427249
708,-2.923530975392308,18.997990368110557,0.7,53.5,10,7080,427784
709,7.746791982666996,7.460898536083068,0.9,7.0,10,7090,427854
710,4.231356627847349,12.080238938656146,0.8,27.9,10,7100,428133
711,-2.688048472248915,15.230548288697232,0.6,35.8,10,7110,428491
712,3.653006810452329,11.604935226868035,0.9,41.4,10,7120,428905
713,-11.32262236264855,16.834775157043286,0.4,87.3,10,7130,429778
714,-0.315713456492842,13.282916300509038,0.8,39.4,10,7140,430172
715,-23.968446691117954,16.126694444551493,0.1,106.6,10,7150,431238
716,2.5677201875484057,12.132630564944765,0.9,53.6,10,7160,431774
717,-2.7300209628203413,15.686556169429776,0.7,48.0,10,7170,432254
718,-12.260662565618917,18.85486194770726,0.4,80.0,10,7180,433054
719,4.02394896056928,12.491387522175245,0.8,28.2,10,7190,433336
720,-11.14189581158575,18.44810304587069,0.5,97.5,10,7200,434311
721,5.1140749178488685,12.148162570094422,0.9,19.9,10,7210,434510
722,-1.8960541397273971,12.8988836269346,0.8,73.1,10,7220,435241
723,-10.548462323837395,19.66170094610414,0.5,103.6,10,7230,436277
724,-11.793853452585259,18.209887022167432,0.4,121.7,10,7240,437494
725,-5.827515865402557,17.76561635152459,0.6,66.8,10,7250,438162
726,2.0859889641634504,13.57322290733158,0.8,55.3,10,7260,438715
727,4.1015674914560964,9.912062630954981,0.8,12.0,10,7270,438835
728,9.46515586266741,2.090689531280733,1.0,8.0,10,7280,438915
729,-3.4911638396039733,15.95806710372311,0.6,48.8,10,7290,439403
730,1.5621296639014812,15.124198318939746,0.8,48.3,10,7300,439886
731,2.667990156101058,11.999183489753127,0.9,48.4,10,7310,440370
732,4.038092005706174,7.219402265573764,0.9,11.8,10,7320,440488
733,-6.053112640508351,20.38440103625396,0.6,82.2,10,7330,441310
734,-1.5466506570610385,14.490660317989393,0.7,50.7,10,7340,441817
735,-0.8857126585579284,11.27029051642571,0.9,66.5,10,7350,442482
736,-3.5460814121849977,14.065193078808067,0.5,29.2,10,7360,442774
737,-10.551645471057778,22.90359404540471,0.6,69.3,10,7370,443467
738,-13.72716271670421,19.753010743573952,0.4,121.8,10,7380,444685
739,7.954067077869271,4.375173556805106,1.0,19.4,10,7390,444879
740,1.0895923976052866,17.254753358220064,0.8,46.6,10,7400,445345
741,-7.09407323651948,18.55170857720905,0.5,66.0,10,7410,446005
742,-11.47109039952728,19.942473691780087,0.4,67.4,10,7420,446679
743,1.529156136131272,14.443346144259095,0.9,48.9,10,7430,447168
744,-3.6803181957916244,16.007023118868517,0.6,41.9,10,7440,447587
745,-9.034044562976582,22.666153643603913,0.6,65.2,10,7450,448239
746,-15.521283392733476,17.622355672999394,0.3,73.9,10,7460,448978
747,-2.8145386097929683,20.646897770913483,0.7,51.6,10,7470,449494
748,-2.3152394697593004,17.410292883403564,0.7,52.5,10,7480,450019
749,5.539559381998709,13.06316626042472,0.9,27.7,10,7490,450296
750,-3.998280726456035,17.048782378201242,0.6,46.9,10,7500,450765
751,5.383184654632558,4.537180745823516,1.0,23.9,10,7510,451004
752,-3.265187439944782,16.47999646474087,0.7,51.2,10,7520,451516
753,-20.257220391462514,19.337418150528208,0.3,124.1,10,7530,452757
754,-0.73311970911736,12.652845634088393,0.8,47.5,10,7540,453232
755,-0.7402704759783909,16.43702677897087,0.8,51.3,10,7550,453745
756,0.7608003160049837,10.634450612987322,0.8,38.5,10,7560,454130
757,3.687521909275007,12.20028099462707,0.9,41.3,10,7570,454543
758,-13.417360185130487,15.471670556234892,0.3,71.2,10,7580,455255
759,-21.235808324561347,15.644260219748455,0.1,70.4,10,7590,455959
760,1.178268688174089,10.750999886683408,0.7,19.9,10,7600,456158
761,-12.724830470563438,16.98712789351895,0.5,90.4,10,7610,457062
762,-13.096675051156017,16.740494180743237,0.5,115.9,10,7620,458221
763,-9.001071252140672,15.667406850877507,0.6,63.2,10,7630,458853
764,1.1164764353779777,13.227406067757556,0.8,33.9,10,7640,459192
765,-18.6941240499651,21.28833774668468,0.3,104.4,10,7650,460236
766,-6.530177706242727,17.297278616683847,0.5,84.2,10,7660,461078
767,-5.894064244155699,20.849404188256543,0.8,69.0,10,7670,461768
768,-5.677683311512766,18.0042754267142,0.5,46.1,10,7680,462229
769,-6.932306151579402,18.077970999929104,0.5,49.5,10,7690,462724
770,4.275921490593474,6.685658644399381,1.0,41.7,10,7700,463141
771,-9.549505058981664,17.273583270716045,0.4,67.2,10,7710,463813
772,3.288783480973881,12.08766027314941,0.9,29.1,10,7720,464104
773,1.7832200687219744,16.356176961116937,0.8,47.1,10,7730,464575
774,0.3042284329152948,14.41379559992155,0.8,57.7,10,7740,465152
775,1.6512435946205184,12.228581685281267,0.9,52.2,10,7750,465674
776,-21.268182972120236,14.358097423303953,0.1,98.5,10,7760,466659
777,-5.796269512921488,15.454202089839761,0.5,49.8,10,7770,467157
778,-14.141390422186126,25.524568038305173,0.6,96.3,10,7780,468120
779,-6.268859144550787,19.078406090521483,0.7,63.2,10,7790,468752
780,5.017229758860914,9.6918291010318,0.8,10.3,10,7800,468855
781,1.0551799297325224,15.578990243262512,0.8,52.1,10,7810,469376
782,2.8154739817392462,11.685007323148838,0.9,40.8,10,7820,469784
783,-5.500740038580328,17.60182685186839,0.6,67.2,10,7830,470456
784,0.902229056324023,14.18763771658648,0.8,41.9,10,7840,470875
785,-4.990214952846238,17.957647023387025,0.7,81.9,10,7850,471694
786,-10.171997247721652,16.899589872803958,0.5,67.2,10,7860,472366
787,3.3400957917079372,10.796203846390451,0.9,38.9,10,7870,472755
788,-7.549563595930185,15.511437974033784,0.4,49.2,10,7880,473247
789,-17.53020327040549,18.923221815791223,0.3,124.3,10,7890,474490
790,2.00964642420983,13.912838408621575,0.8,50.8,10,7900,474998
791,-3.933810050972668,17.948527472891342,0.7,71.4,10,7910,475712
792,-9.61318744724375,15.622478157171088,0.4,57.5,10,7920,476287
793,-10.179554780148322,18.912876321001043,0.4,66.5,10,7930,476952
794,-8.064782391489356,15.551421071594882,0.4,50.7,10,7940,477459
795,-17.29506997189329,15.493045016839758,0.2,105.9,10,7950,478518
796,-5.786362568789519,23.6614892077862,0.7,63.9,10,7960,479157
797,3.1982620594517486,7.494713686998616,1.0,40.5,10,7970,479562
798,-18.52584484194923,13.010450717028512,0.1,71.6,10,7980,480278
799,0.5900857357723716,11.825977897669691,0.9,62.0,10,7990,480898
800,-12.950812358855853,12.591499983776558,0.2,70.2,10,8000,481600
801,3.3949142865144553,12.5064458846238,0.8,30.2,10,8010,481902
802,-1.9899570680539298,17.201163769477652,0.7,64.4,10,8020,482546
803,-8.265322141922109,16.772710582899958,0.4,50.8,10,8030,483054
804,-14.732609118602676,22.310454934090522,0.5,110.8,10,8040,484162
805,-8.871441493426776,22.447800063133563,0.7,44.1,10,8050,484603
806,-4.926505933362263,16.740905504966847,0.6,69.0,10,8060,485293
807,3.7132012889963044,10.821388878988737,0.9,45.6,10,8070,485749
808,-8.500043193900751,18.941519479434035,0.5,102.4,10,8080,486773
809,4.859433964415055,12.732369760023387,0.9,31.9,10,8090,487092
810,-11.733812897962917,22.71177621168753,0.4,48.1,10,8100,487573
811,-4.396480835737901,17.4079402717583,0.6,58.9,10,8110,488162
812,-24.18756709686743,11.59572490836839,0.1,127.8,10,8120,489440
813,0.7360137733064995,17.380235026134198,0.8,44.3,10,8130,489883
814,3.477056547598862,11.232546655635675,0.9,47.2,10,8140,490355
815,-9.542965589443812,15.906744585879425,0.4,68.3,10,8150,491038
816,-6.401540224335224,17.18542708220553,0.5,35.2,10,8160,491390
817,-15.376772785414516,23.281870032211685,0.4,105.2,10,8170,492442
818,1.4985374116725414,13.020987649208644,0.9,57.9,10,8180,493021
819,0.4862317266618481,12.200933907704728,0.9,55.6,10,8190,493577
820,-7.923347311529144,19.101369043375207,0.5,83.4,10,8200,494411
821,-5.131628555975809,19.973301239618273,0.6,64.3,10,8210,495054
822,6.448415613784225,4.102888281556329,1.0,18.8,10,8220,495242
823,-0.24663307141320717,16.50643529956217,0.8,57.0,10,8230,495812
824,2.1615794413539455,8.96848251396644,1.0,51.2,10,8240,496324
825,-1.9503177856948297,14.679776813711372,0.6,47.6,10,8250,496800
826,-11.696240109141979,21.216132392831973,0.4,60.9,10,8260,497409
827,-6.510562808173918,19.500160704091336,0.6,65.8,10,8270,498067
828,-13.658468083944149,20.613775384647134,0.4,103.6,10,8280,499103
829,4.598753455837562,9.863348073215066,0.9,30.4,10,8290,499407
830,-16.893496902394844,17.848367403962865,0.3,106.5,10,8300,500472
831,-1.2519850252764124,16.68890877559494,0.9,62.2,10,8310,501094
832,0.27804324642115963,16.391861025520342,0.7,43.6,10,8320,501530
833,-9.280133079498437,20.0142328485574,0.5,93.0,10,8330,502460
834,2.4544251166308513,14.160986132298406,0.8,29.0,10,8340,502750
835,-13.730485096762788,22.777678605265073,0.4,68.1,10,8350,503431
836,-5.670696673199428,17.474309039386352,0.7,56.8,10,8360,503999
837,-23.591429564208624,21.64761468693333,0.4,130.6,10,8370,505305
838,-12.265604279655056,15.841300606806959,0.3,77.1,10,8380,506076
839,7.627529718007129,5.107811402248852,1.0,26.1,10,8390,506337
840,-7.412032522387958,18.542114421190124,0.6,78.2,10,8400,507119
841,-7.936066263434829,18.005963689172578,0.5,52.2,10,8410,507641
842,3.1697052617820205,12.560019582203026,0.9,28.5,10,8420,507926
843,-1.0741263595161805,16.6851165814654,0.7,52.8,10,8430,508454
844,-5.578535039993612,15.538398816159198,0.5,47.0,10,8440,508924
845,-6.703075133141543,20.28360651963968,0.6,47.6,10,8450,509400
846,3.737291396225757,12.275229945049345,0.9,41.6,10,8460,509816
847,2.8221085833214685,9.600492279183106,0.8,29.0,10,8470,510106
848,-14.623754264238462,16.968818629532183,0.3,105.4,10,8480,511160
849,7.30589192947468,5.621877182518834,1.0,31.6,10,8490,511476
850,6.461238200104198,7.818933914770422,0.9,12.7,10,8500,511603
851,3.3551502990098507,13.72696509010739,0.8,27.0,10,8510,511873
852,-1.3770813474289634,12.640809086133812,0.9,59.1,10,8520,512464
853,8.386064145603333,3.0440254822329287,1.0,13.1,10,8530,512595
854,-1.1855677515159535,14.313773547695533,0.8,74.5,10,8540,513340
855,-4.392082808928384,17.966481854206425,0.7,74.2,10,8550,514082
856,-14.386177689564203,13.66526036840097,0.2,87.1,10,8560,514953
857,2.0068015974893205,13.058346424548903,0.9,37.6,10,8570,515329
858,4.020967544794725,10.581796579365152,0.9,40.6,10,8580,515735
859,9.336170051651276,2.264923766783892,1.0,6.6,10,8590,515801
860,1.8709712678110186,8.910763129353956,0.9,21.9,10,8600,516020
861,-26.36062486202053,17.01782297305247,0.1,113.7,10,8610,517157
862,-0.8766263318131398,16.55342535356215,0.7,48.2,10,8620,517639
863,-1.4975868961021832,17.41650571882746,0.7,47.8,10,8630,518117
864,-3.6464939811633683,12.888534160431105,0.7,21.1,10,8640,518328
865,-9.292880716667202,19.78805452055386,0.6,65.5,10,8650,518983
866,-8.527017278635238,13.006336622396724,0.5,52.0,10,8660,519503
867,-3.811574281719841,15.262725177221647,0.6,57.3,10,8670,520076
868,-23.96793881256589,16.41314189509365,0.2,111.1,10,8680,521187
869,6.437035833653352,10.900576118234325,0.9,27.1,10,8690,521458
870,-19.29965798294278,17.714196585706844,0.2,77.7,10,8700,522235
871,-3.542131370470378,17.199572699751123,0.6,66.5,10,8710,522900
872,-6.1698030911827395,18.301667667617437,0.7,55.0,10,8720,523450
873,0.3729734749242109,14.338087363069846,0.7,31.2,10,8730,523762
874,8.703149679187293,2.247697216352355,1.0,12.6,10,8740,523888
875,-17.22599412195575,15.679261658358607,0.2,98.4,10,8750,524872
876,-2.1970473617129445,17.395394415841814,0.8,48.3,10,8760,525355
877,-12.528767403177302,24.55916137451607,0.5,74.6,10,8770,526101
878,9.203720119808995,1.9723183341720103,1.0,11.1,10,8780,526212
879,-18.022911594238185,21.88017091337125,0.3,103.2,10,8790,527244
880,-11.587592945004586,14.644427821487904,0.3,37.7,10,8800,527621
881,7.337613497027144,3.835753428627446,1.0,13.6,10,8810,527757
882,-25.263241729827577,14.054340491596253,0.1,144.0,10,8820,529197
883,2.7224169803119374,11.64377341522618,0.9,45.9,10,8830,529656
884,2.0115438920575075,13.787789575106801,0.8,52.3,10,8840,530179
885,-6.155333852370559,17.10475427164106,0.5,50.3,10,8850,530682
886,3.6164980835174587,14.906511891780038,0.8,24.0,10,8860,530922
887,2.0194115775160606,11.00725577890409,0.9,57.5,10,8870,531497
888,2.014641442980317,10.87306841601072,0.9,43.6,10,8880,531933
889,0.21740231084202896,10.673726663807722,0.9,73.9,10,8890,532672
890,-7.7489761568829065,19.190709987606645,0.5,54.4,10,8900,533216
891,-11.977544035822559,17.071397201576072,0.4,69.3,10,8910,533909
892,1.6670768088659156,13.777979047174783,0.7,10.8,10,8920,534017
893,-2.292696529516795,15.369478335538123,0.6,65.7,10,8930,534674
894,9.708098416141613,1.3668923858274402,1.0,5.9,10,8940,534733
895,-1.5376060878022948,17.911218703855052,0.7,48.2,10,8950,535215
896,-0.10900048610627948,14.16513320620612,0.7,39.4,10,8960,535609
897,6.504435014741939,10.145587375385526,0.9,27.8,10,8970,535887
898,0.5517490603246564,13.540665611271494,0.8,47.4,10,8980,536361
899,-15.79916129341135,22.802534494732015,0.4,86.9,10,8990,537230
900,-5.778140704523364,17.43543884091638,0.5,35.2,10,9000,537582
901,-16.563500935839038,18.926805947756755,0.3,91.6,10,9010,538498
902,-13.638352376785178,19.566608063242253,0.4,121.7,10,9020,539715
903,5.751302162866124,6.874670237950272,0.9,10.0,10,9030,539815
904,-13.093723231588319,20.239315208104827,0.4,84.3,10,9040,540658
905,-1.7360923286251442,14.163507749205488,0.7,51.3,10,9050,541171
906,-8.228493474266742,15.97065700308083,0.4,68.6,10,9060,541857
907,-5.007189416088561,16.045796198621353,0.7,86.2,10,9070,542719
908,3.733833459808956,6.891552309735355,1.0,44.7,10,9080,543166
909,0.8767444995218824,15.321288459875861,0.7,43.7,10,9090,543603
910,-8.097043579488789,25.374598577259786,0.7,67.6,10,9100,544279
911,-16.090486540724633,18.715857405427382,0.3,122.2,10,9110,545501
912,3.6689071452819633,11.853802967183485,0.9,44.3,10,9120,545944
913,-3.935353743638692,15.104862485093097,0.5,47.6,10,9130,546420
914,-5.455672112284508,20.101566533948194,0.6,57.2,10,9140,546992
915,-6.638071905893848,17.717091474403226,0.6,75.1,10,9150,547743
916,4.5768169916300945,13.009862393765221,0.9,29.1,10,9160,548034
917,-5.71895963634344,16.628613856274583,0.5,34.0,10,9170,548374
918,-10.11546336710853,19.03908264601202,0.5,59.0,10,9180,548964
919,-8.224945340307066,17.552114505733208,0.5,102.7,10,9190,549991
920,-9.394859836396808,14.1742043118399,0.3,32.1,10,9200,550312
921,-13.197751014531807,17.37177616068563,0.3,67.4,10,9210,550986
922,-2.1729063389835632,18.341846059837955,0.7,26.0,10,9220,551246
923,-4.7089566487038095,17.119874226938133,0.7,69.4,10,9230,551940
924,10.362614324243184,0.3777140756962498,1.0,5.3,10,9240,551993
925,-10.884649415561597,16.385514623862335,0.5,92.3,10,9250,552916
926,-5.604435859842039,20.127987115717907,0.6,82.3,10,9260,553739
927,4.895308931830458,11.012086857557225,0.9,23.1,10,9270,553970
928,1.3106793997970512,14.502574577606536,0.9,59.9,10,9280,554569
929,-2.9235017886022923,18.366075389892245,0.7,63.8,10,9290,555207
930,10.17517601375464,0.5741608587046817,1.0,6.1,10,9300,555268
931,-17.195997435286557,14.201089913360137,0.2,105.8,10,9310,556326
932,8.497807867684577,1.8524513534255265,1.0,15.5,10,9320,556481
933,-6.519822970218937,16.808062245247203,0.5,47.6,10,9330,556957
934,1.8521326420857798,11.18193687268737,0.9,47.6,10,9340,557433
935,-14.414181824715559,19.19033396905523,0.3,84.7,10,9350,558280
936,5.395053863706355,10.920842865620585,0.9,27.9,10,9360,558559
937,3.8543138607996625,12.158986376511228,0.9,42.7,10,9370,558986
938,-14.781298509888813,19.26768659307185,0.3,84.5,10,9380,559831
939,-1.2815748265974611,15.93025372895285,0.7,24.5,10,9390,560076
940,-5.681473240265746,14.022669466509704,0.4,28.3,10,9400,560359
941,8.607615230504077,3.050654010410348,1.0,17.0,10,9410,560529
942,5.7202392410640055,11.686053952721759,0.9,28.3,10,9420,560812
943,-18.628666117950182,16.566277324706757,0.2,105.3,10,9430,561865
944,-8.08969404865907,18.58580646773348,0.5,102.4,10,9440,562889
945,3.5969105423280667,10.756058239760856,0.9,48.3,10,9450,563372
946,-0.1719476644880608,13.298575247862093,0.8,54.4,10,9460,563916
947,5.983893249066858,10.34962901114691,0.9,27.2,10,9470,564188
948,5.263499056642094,10.859216920962949,0.9,31.4,10,9480,564502
949,5.53198342762893,10.106872824230567,0.9,33.5,10,9490,564837
950,-11.206540828611669,21.061867581064792,0.5,67.7,10,9500,565514
951,2.504727930250678,14.633198767878756,0.8,17.8,10,9510,565692
952,5.276852803016008,7.904927594190246,1.0,39.0,10,9520,566082
953,-13.38297854087774,16.254632724015124,0.3,104.4,10,9530,567126
954,-4.023832672717171,19.45959944244096,0.6,31.7,10,9540,567443
955,-12.180887131797737,21.426436023100536,0.4,52.2,10,9550,567965
956,-13.173549877613784,20.188133021101066,0.4,66.0,10,9560,568625
957,6.193808717788352,12.735947480767251,0.9,23.4,10,9570,568859
958,-6.659668265654091,17.5905487722457,0.6,66.6,10,9580,569525
959,-7.454731832957234,17.549101256054527,0.5,68.3,10,9590,570208
960,-5.184751430254439,16.48204790009934,0.6,51.4,10,9600,570722
961,-18.216734088077633,20.072891920169592,0.3,105.9,10,9610,571781
962,3.0749571566456972,5.833878498740972,1.0,26.3,10,9620,572044
963,10.235331553288486,0.33389864521638607,1.0,6.4,10,9630,572108
964,-1.7413963004914912,15.488971019496843,0.6,44.7,10,9640,572555
965,-0.31354628235279486,19.84116606888231,0.8,30.2,10,9650,572857
966,-1.0538872556046552,15.945103621300905,0.7,49.9,10,9660,573356
967,-12.245972453726214,15.855580452223148,0.3,53.6,10,9670,573892
968,-5.229203251101078,16.760791297034526,0.6,72.7,10,9680,574619
969,-13.580238078496157,18.564127596697613,0.4,76.5,10,9690,575384
970,-8.797162854077829,17.406350292060733,0.5,68.8,10,9700,576072
971,-20.48887750965458,22.55281338215526,0.3,106.8,10,9710,577140
972,-0.4960819467441933,11.204868009518703,0.9,53.9,10,9720,577679
973,-9.239793659253056,14.31508204500444,0.3,48.5,10,9730,578164
974,-6.541965535369988,17.36976481397342,0.5,66.8,10,9740,578832
975,0.7452914692588509,16.49423964737558,0.9,51.0,10,9750,579342
976,-2.2867022165927713,16.035213326699033,0.6,48.1,10,9760,579823
977,8.64949287472967,2.8786118883923786,1.0,9.2,10,9770,579915
978,-12.394961287042227,14.770389013494155,0.4,88.0,10,9780,580795
979,-5.103503933467036,15.062778420524438,0.5,30.4,10,9790,581099
980,5.923959285001298,9.815521370463351,0.9,30.8,10,9800,581407
981,-13.609574329682847,17.95387918753534,0.3,68.3,10,9810,582090
982,-2.6115368845110387,16.80460813953876,0.6,45.3,10,9820,582543
983,8.118880332062377,2.771638992573884,1.0,12.9,10,9830,582672
984,-4.858285696457667,13.085197895832275,0.8,73.1,10,9840,583403
985,2.5774545560436586,15.408094684392648,0.8,28.5,10,9850,583688
986,-12.802953489422794,12.721189544152868,0.2,68.7,10,9860,584375
987,-8.370350049165603,16.0182858297804,0.4,51.4,10,9870,584889
988,-14.304277727612345,16.672371494442157,0.3,86.9,10,9880,585758
989,-1.5671925630527277,16.200139698608265,0.8,49.0,10,9890,586248
990,-20.348225354169546,23.027228187672147,0.3,82.3,10,9900,587071
991,-4.70510946671004,17.086917493968258,0.7,68.8,10,9910,587759
992,1.2691098974940944,9.937540614111558,0.9,41.4,10,9920,588173
993,-24.493567537942063,18.17863727794187,0.2,126.0,10,9930,589433
994,3.1111901717975403,14.543518745618027,0.8,44.3,10,9940,589876
995,-12.01529156724346,12.5823962519235,0.2,49.4,10,9950,590370
996,6.433080372584951,6.0069731326483,1.0,39.2,10,9960,590762
997,9.381102585301171,2.6400038969623427,1.0,13.9,10,9970,590901
998,6.974419519298181,9.941081483732466,0.9,24.6,10,9980,591147
999,-7.298453304978284,18.303461811463425,0.5,84.0,10,9990,591987
1000,5.90693611701502,6.7665225442798445,1.0,33.8,10,10000,592325
