node,proposals,same_destination,occupied_destination,edge_swap,deadlocks
0,230,0,0,0,0
1,228,0,0,0,0
2,1068,0,0,0,4
3,2376,0,20,22,10
4,1100,0,0,0,2
5,16,0,0,0,4
6,2650,48,0,0,9
7,1876,72,0,0,10
8,8275,120,0,0,4
9,3894,44,0,0,8
10,5847,0,0,0,4
11,2358,40,0,0,0
12,222,0,0,0,0
13,1802,0,0,0,6
14,1832,162,0,0,0
15,3314,0,530,22,276
16,5381,94,0,0,8
17,1015,0,0,0,4
18,1054,0,0,20,8
19,2086,0,20,2,5
20,3591,80,60,20,45
21,456,0,20,0,2
22,8993,8250,0,0,82
23,3446,304,0,0,16
24,3076,40,0,0,12
25,895,0,20,0,6
26,2288,40,0,0,6
27,638,0,0,0,0
28,231,0,0,0,0
29,220,0,0,0,0
30,17,0,0,0,0
31,1473,0,0,22,10
32,2987,260,0,0,59
33,1570,0,40,2,58
34,5639,0,352,22,135
35,1265,0,50,70,13
36,3653,84,0,0,9
37,4582,224,0,0,4
38,1223,0,0,128,20
39,3584,144,0,0,8
40,3961,6,596,970,295
41,351,0,0,0,0
42,255,0,0,0,2
43,2787,0,0,0,8
44,221,0,0,0,0
45,939,40,0,0,0
46,3204,80,0,0,10
47,3086,264,0,0,9
48,1556,0,0,53,10
49,18,0,0,0,0
50,116,0,0,0,0
51,39,0,0,0,2
52,214,0,0,33,7
53,648,0,0,0,1
54,5895,96,0,0,12
55,2202,40,0,0,4
56,4133,80,0,0,13
57,5272,132,0,0,6
58,1450,0,0,0,2
59,2899,0,0,31,8
60,3430,0,20,81,9
61,2842,0,20,40,8
62,725,40,0,0,4
63,2708,80,0,0,10
64,5382,210,0,0,15
65,7102,326,0,0,21
66,463,0,0,0,2
67,437,0,0,0,0
68,5563,120,0,0,10
69,2533,160,0,0,10
70,2811,80,0,0,0
71,670,0,0,0,8
72,358,0,0,0,0
73,5450,360,0,0,14
74,30,0,0,0,0
75,23,0,0,0,0
76,4345,0,20,31,17
77,10398,0,295,690,125
78,2539,0,60,22,14
79,430,0,0,0,0
80,24,0,0,0,0
81,1276,0,12,20,4
