from,to,weight,type,passable,width
0,1,5.9,proximity,True,1.5
0,11,7.139,proximity,True,1.5
0,12,7.159,proximity,True,1.5
0,13,6.989,door,True,0.9
1,2,6.0,proximity,True,1.5
1,9,7.159,proximity,True,1.5
1,13,3.503,door,True,0.9
2,3,6.0,proximity,True,1.5
2,8,7.159,proximity,True,1.5
2,13,6.817,door,True,0.9
3,4,6.0,proximity,True,1.5
3,14,6.903,proximity,True,1.5
3,15,6.85,door,True,0.9
4,6,7.159,proximity,True,1.5
4,7,7.17,proximity,True,1.5
4,14,3.5,door,True,0.9
5,14,8.95,door,True,0.9
6,7,3.05,proximity,True,1.5
6,14,3.828,door,True,0.9
6,15,7.501,proximity,True,1.5
7,14,3.808,door,True,0.9
7,15,4.453,proximity,True,1.5
8,9,3.0,proximity,True,1.5
8,10,6.0,proximity,True,1.5
8,13,5.583,door,True,0.9
8,16,3.05,proximity,True,1.5
9,10,3.0,proximity,True,1.5
9,11,6.0,proximity,True,1.5
9,13,3.751,door,True,0.9
9,16,6.05,proximity,True,1.5
10,11,3.0,proximity,True,1.5
10,12,5.9,proximity,True,1.5
10,13,3.869,door,True,0.9
11,12,2.9,proximity,True,1.5
11,13,5.82,door,True,0.9
12,13,8.322,door,True,0.9
13,15,12.314,door,True,0.9
13,16,8.186,door,True,0.9
14,15,6.828,door,True,0.9
15,16,4.453,proximity,True,1.5
15,22,5.369,stair,True,1.2
17,18,4.4,proximity,True,1.5
17,20,8.322,door,True,0.9
17,21,7.159,proximity,True,1.5
18,19,6.0,proximity,True,1.5
18,20,4.709,door,True,0.9
18,21,7.577,proximity,True,1.5
19,20,4.514,door,True,0.9
19,32,4.55,proximity,True,1.5
19,33,7.159,proximity,True,1.5
20,21,6.989,door,True,0.9
20,22,8.186,door,True,0.9
20,32,8.186,door,True,0.9
20,33,3.751,door,True,0.9
20,34,11.85,door,True,0.9
21,33,7.4,proximity,True,1.5
22,32,7.0,proximity,True,1.5
22,33,6.05,proximity,True,1.5
22,34,5.661,proximity,True,1.5
22,40,5.369,stair,True,1.2
23,24,3.05,proximity,True,1.5
23,25,7.616,proximity,True,1.5
23,26,6.05,proximity,True,1.5
23,31,8.186,door,True,0.9
23,34,5.661,proximity,True,1.5
24,25,7.0,proximity,True,1.5
24,26,3.0,proximity,True,1.5
24,27,6.0,proximity,True,1.5
24,31,5.583,door,True,0.9
25,26,7.636,proximity,True,1.5
25,31,5.622,door,True,0.9
26,27,3.0,proximity,True,1.5
26,28,6.0,proximity,True,1.5
26,31,3.751,door,True,0.9
27,28,3.0,proximity,True,1.5
27,29,5.9,proximity,True,1.5
27,30,7.577,proximity,True,1.5
27,31,3.869,door,True,0.9
28,29,2.9,proximity,True,1.5
28,30,7.001,proximity,True,1.5
28,31,5.82,door,True,0.9
29,30,7.616,proximity,True,1.5
29,31,8.322,door,True,0.9
30,31,5.74,door,True,0.9
31,34,11.85,door,True,0.9
32,34,5.661,door,True,0.9
35,36,8.186,door,True,0.9
35,40,12.314,door,True,0.9
35,44,8.322,door,True,0.9
35,45,5.82,door,True,0.9
35,46,3.869,door,True,0.9
35,47,5.583,door,True,0.9
35,49,6.989,door,True,0.9
35,51,3.503,door,True,0.9
35,52,6.817,door,True,0.9
35,56,3.751,door,True,0.9
36,40,4.453,proximity,True,1.5
36,47,3.05,proximity,True,1.5
36,56,6.05,proximity,True,1.5
37,38,8.186,door,True,0.9
37,39,6.05,proximity,True,1.5
37,40,4.453,proximity,True,1.5
37,54,3.05,proximity,True,1.5
37,55,7.0,proximity,True,1.5
38,39,3.751,door,True,0.9
38,40,12.314,door,True,0.9
38,41,5.74,door,True,0.9
38,42,4.514,door,True,0.9
38,43,3.869,door,True,0.9
38,50,8.322,door,True,0.9
38,53,5.82,door,True,0.9
38,54,5.583,door,True,0.9
38,55,8.141,door,True,0.9
39,42,7.159,proximity,True,1.5
39,43,3.0,proximity,True,1.5
39,53,6.0,proximity,True,1.5
39,54,3.0,proximity,True,1.5
40,47,7.501,proximity,True,1.5
40,48,6.85,door,True,0.9
40,77,3.0,stair,True,1.2
41,42,7.4,door,True,0.9
41,43,7.577,proximity,True,1.5
41,50,7.616,proximity,True,1.5
41,53,7.001,proximity,True,1.5
42,54,7.159,proximity,True,1.5
42,55,4.5,proximity,True,1.5
43,50,5.9,proximity,True,1.5
43,53,3.0,proximity,True,1.5
43,54,6.0,proximity,True,1.5
44,45,2.9,proximity,True,1.5
44,46,5.9,proximity,True,1.5
44,49,7.159,proximity,True,1.5
45,46,3.0,proximity,True,1.5
45,49,7.139,proximity,True,1.5
45,56,6.0,proximity,True,1.5
46,47,6.0,proximity,True,1.5
46,51,7.159,proximity,True,1.5
46,56,3.0,proximity,True,1.5
47,52,7.159,proximity,True,1.5
47,56,3.0,proximity,True,1.5
48,52,6.0,proximity,True,1.5
48,55,4.5,proximity,True,1.5
49,51,5.9,proximity,True,1.5
50,53,2.9,proximity,True,1.5
51,52,6.0,proximity,True,1.5
57,68,3.05,proximity,True,1.5
57,69,6.05,proximity,True,1.5
57,77,4.453,proximity,True,1.5
57,78,8.186,door,True,0.9
58,59,6.0,proximity,True,1.5
58,63,7.159,proximity,True,1.5
58,74,5.9,proximity,True,1.5
58,76,3.503,door,True,0.9
59,60,6.0,proximity,True,1.5
59,65,7.159,proximity,True,1.5
59,76,6.817,door,True,0.9
60,61,6.0,proximity,True,1.5
60,77,6.85,door,True,0.9
61,66,6.0,proximity,True,1.5
61,68,7.159,proximity,True,1.5
61,78,6.817,door,True,0.9
62,63,3.0,proximity,True,1.5
62,64,6.0,proximity,True,1.5
62,74,7.139,proximity,True,1.5
62,75,2.9,proximity,True,1.5
62,76,5.82,door,True,0.9
63,64,3.0,proximity,True,1.5
63,65,6.0,proximity,True,1.5
63,75,5.9,proximity,True,1.5
63,76,3.869,door,True,0.9
64,65,3.0,proximity,True,1.5
64,73,6.05,proximity,True,1.5
64,76,3.751,door,True,0.9
65,73,3.05,proximity,True,1.5
65,76,5.583,door,True,0.9
65,77,7.501,proximity,True,1.5
66,67,5.9,proximity,True,1.5
66,69,7.159,proximity,True,1.5
66,78,3.503,door,True,0.9
67,71,7.139,proximity,True,1.5
67,72,7.159,proximity,True,1.5
67,78,6.989,door,True,0.9
68,69,3.0,proximity,True,1.5
68,70,6.0,proximity,True,1.5
68,78,5.583,door,True,0.9
69,70,3.0,proximity,True,1.5
69,71,6.0,proximity,True,1.5
69,78,3.751,door,True,0.9
70,71,3.0,proximity,True,1.5
70,72,5.9,proximity,True,1.5
70,78,3.869,door,True,0.9
71,72,2.9,proximity,True,1.5
71,78,5.82,door,True,0.9
72,78,8.322,door,True,0.9
73,76,8.186,door,True,0.9
73,77,4.453,proximity,True,1.5
74,75,7.159,proximity,True,1.5
74,76,6.989,door,True,0.9
75,76,8.322,door,True,0.9
76,77,12.314,door,True,0.9
77,78,12.314,door,True,0.9
77,81,3.799,stair,True,1.2
