episode,mean_reward,std_reward,success_rate,n_robots,robot_0_reward,robot_0_success
1,-3.056603874794904,0.0,1.0,1,-3.056603874794904,1.0
2,-0.3628942985043633,0.0,1.0,1,-0.3628942985043633,1.0
3,7.56204549397925,0.0,1.0,1,7.56204549397925,1.0
4,2.1148798798798794,0.0,1.0,1,2.1148798798798794,1.0
5,7.671607904783291,0.0,1.0,1,7.671607904783291,1.0
6,-22.286158148751856,0.0,0.0,1,-22.286158148751856,0.0
7,10.280052047003274,0.0,1.0,1,10.280052047003274,1.0
8,-19.011497105045486,0.0,0.0,1,-19.011497105045486,0.0
9,-23.284806570187396,0.0,0.0,1,-23.284806570187396,0.0
10,-22.843343139876982,0.0,0.0,1,-22.843343139876982,0.0
11,-23.10712987959036,0.0,0.0,1,-23.10712987959036,0.0
12,-22.94422627737228,0.0,0.0,1,-22.94422627737228,0.0
13,6.588591894045766,0.0,1.0,1,6.588591894045766,1.0
14,-22.939192143516365,0.0,0.0,1,-22.939192143516365,0.0
15,10.405040855563566,0.0,1.0,1,10.405040855563566,1.0
16,-0.2136142536426444,0.0,1.0,1,-0.2136142536426444,1.0
17,-22.267717089486293,0.0,0.0,1,-22.267717089486293,0.0
18,-23.282671763527443,0.0,0.0,1,-23.282671763527443,0.0
19,10.757060854127625,0.0,1.0,1,10.757060854127625,1.0
20,-3.0570560952851284,0.0,1.0,1,-3.0570560952851284,1.0
21,-23.273849317321936,0.0,0.0,1,-23.273849317321936,0.0
22,-6.43819489392304,0.0,1.0,1,-6.43819489392304,1.0
23,-23.107983747178345,0.0,0.0,1,-23.107983747178345,0.0
24,-7.582078783806482,0.0,1.0,1,-7.582078783806482,1.0
25,-23.235091143213552,0.0,0.0,1,-23.235091143213552,0.0
26,-23.470621052283477,0.0,0.0,1,-23.470621052283477,0.0
27,-23.16493772405553,0.0,0.0,1,-23.16493772405553,0.0
28,-8.640295656129167,0.0,1.0,1,-8.640295656129167,1.0
29,7.205481207864036,0.0,1.0,1,7.205481207864036,1.0
30,-4.431970754716973,0.0,1.0,1,-4.431970754716973,1.0
31,7.19431288140404,0.0,1.0,1,7.19431288140404,1.0
32,-22.802374795276247,0.0,0.0,1,-22.802374795276247,0.0
33,6.7196592946802145,0.0,1.0,1,6.7196592946802145,1.0
34,-6.519853602497877,0.0,1.0,1,-6.519853602497877,1.0
35,-23.22268666063601,0.0,0.0,1,-23.22268666063601,0.0
36,1.00214228541833,0.0,1.0,1,1.00214228541833,1.0
37,-22.29523768035129,0.0,0.0,1,-22.29523768035129,0.0
38,4.7953539338154725,0.0,1.0,1,4.7953539338154725,1.0
39,7.8288807321648015,0.0,1.0,1,7.8288807321648015,1.0
40,9.344975455489474,0.0,1.0,1,9.344975455489474,1.0
41,-1.882691654695055,0.0,1.0,1,-1.882691654695055,1.0
42,-23.052471762777532,0.0,0.0,1,-23.052471762777532,0.0
43,4.842391920928236,0.0,1.0,1,4.842391920928236,1.0
44,5.588601897477382,0.0,1.0,1,5.588601897477382,1.0
45,-7.873098650224954,0.0,1.0,1,-7.873098650224954,1.0
46,-22.759486685297635,0.0,0.0,1,-22.759486685297635,0.0
47,-23.124536734189025,0.0,0.0,1,-23.124536734189025,0.0
48,-23.046879970178924,0.0,0.0,1,-23.046879970178924,0.0
49,-22.759667031363954,0.0,0.0,1,-22.759667031363954,0.0
50,8.511371005961438,0.0,1.0,1,8.511371005961438,1.0
51,0.3738355258036883,0.0,1.0,1,0.3738355258036883,1.0
52,-4.116686520119529,0.0,1.0,1,-4.116686520119529,1.0
53,10.657501666666667,0.0,1.0,1,10.657501666666667,1.0
54,-7.754322203369297,0.0,1.0,1,-7.754322203369297,1.0
55,-22.26511804953262,0.0,0.0,1,-22.26511804953262,0.0
56,-8.008042395336508,0.0,1.0,1,-8.008042395336508,1.0
57,8.621117686360598,0.0,1.0,1,8.621117686360598,1.0
58,1.8304967716689475,0.0,1.0,1,1.8304967716689475,1.0
59,9.413103268839585,0.0,1.0,1,9.413103268839585,1.0
60,-0.31919112145647865,0.0,1.0,1,-0.31919112145647865,1.0
61,10.635029741188381,0.0,1.0,1,10.635029741188381,1.0
62,10.875,0.0,1.0,1,10.875,1.0
63,-0.027122470003634547,0.0,1.0,1,-0.027122470003634547,1.0
64,0.45164785373608396,0.0,1.0,1,0.45164785373608396,1.0
65,10.537471713926527,0.0,1.0,1,10.537471713926527,1.0
66,9.746589830508475,0.0,1.0,1,9.746589830508475,1.0
67,-22.730214693991368,0.0,0.0,1,-22.730214693991368,0.0
68,-6.746462204880638,0.0,1.0,1,-6.746462204880638,1.0
69,9.221026672262246,0.0,1.0,1,9.221026672262246,1.0
70,-8.650431785962057,0.0,1.0,1,-8.650431785962057,1.0
71,-23.110768008875226,0.0,0.0,1,-23.110768008875226,0.0
72,7.994488606253313,0.0,1.0,1,7.994488606253313,1.0
73,10.403358970773319,0.0,1.0,1,10.403358970773319,1.0
74,5.825892035338774,0.0,1.0,1,5.825892035338774,1.0
75,0.017551246281909627,0.0,1.0,1,0.017551246281909627,1.0
76,9.45521717264082,0.0,1.0,1,9.45521717264082,1.0
77,4.9517272076128105,0.0,1.0,1,4.9517272076128105,1.0
78,-5.787387596508053,0.0,1.0,1,-5.787387596508053,1.0
79,-3.12151767261936,0.0,1.0,1,-3.12151767261936,1.0
80,-3.900091110758991,0.0,1.0,1,-3.900091110758991,1.0
81,8.952510084971248,0.0,1.0,1,8.952510084971248,1.0
82,10.635877103083098,0.0,1.0,1,10.635877103083098,1.0
83,6.593900559520218,0.0,1.0,1,6.593900559520218,1.0
84,7.220421623163601,0.0,1.0,1,7.220421623163601,1.0
85,1.4322262861542878,0.0,1.0,1,1.4322262861542878,1.0
86,9.971780695884911,0.0,1.0,1,9.971780695884911,1.0
87,9.735258415979885,0.0,1.0,1,9.735258415979885,1.0
88,8.407153536032254,0.0,1.0,1,8.407153536032254,1.0
89,2.3688962000525384,0.0,1.0,1,2.3688962000525384,1.0
90,3.189158057158193,0.0,1.0,1,3.189158057158193,1.0
91,-2.240828621713792,0.0,1.0,1,-2.240828621713792,1.0
92,1.8874131222326476,0.0,1.0,1,1.8874131222326476,1.0
93,10.232651021783067,0.0,1.0,1,10.232651021783067,1.0
94,7.6842254361538895,0.0,1.0,1,7.6842254361538895,1.0
95,8.098949250681198,0.0,1.0,1,8.098949250681198,1.0
96,-1.7335015164047523,0.0,1.0,1,-1.7335015164047523,1.0
97,-23.333940797940787,0.0,0.0,1,-23.333940797940787,0.0
98,7.578470906408786,0.0,1.0,1,7.578470906408786,1.0
99,8.33686350534398,0.0,1.0,1,8.33686350534398,1.0
100,-23.08767653148214,0.0,0.0,1,-23.08767653148214,0.0
101,-23.2972159927734,0.0,0.0,1,-23.2972159927734,0.0
102,10.317991412853884,0.0,1.0,1,10.317991412853884,1.0
103,-0.15374484358886065,0.0,1.0,1,-0.15374484358886065,1.0
104,4.192125452352233,0.0,1.0,1,4.192125452352233,1.0
105,2.3819811262376254,0.0,1.0,1,2.3819811262376254,1.0
106,-10.371078917765155,0.0,1.0,1,-10.371078917765155,1.0
107,9.597532026289407,0.0,1.0,1,9.597532026289407,1.0
108,4.504913266311848,0.0,1.0,1,4.504913266311848,1.0
109,4.028434417488673,0.0,1.0,1,4.028434417488673,1.0
110,4.147252205112872,0.0,1.0,1,4.147252205112872,1.0
111,3.7484477591134038,0.0,1.0,1,3.7484477591134038,1.0
112,5.870260554672318,0.0,1.0,1,5.870260554672318,1.0
113,5.839364165097918,0.0,1.0,1,5.839364165097918,1.0
114,4.099587536357449,0.0,1.0,1,4.099587536357449,1.0
115,-5.030195038818409,0.0,1.0,1,-5.030195038818409,1.0
116,1.8023014888337485,0.0,1.0,1,1.8023014888337485,1.0
117,9.57394953969081,0.0,1.0,1,9.57394953969081,1.0
118,10.395710410094637,0.0,1.0,1,10.395710410094637,1.0
119,8.898824799007176,0.0,1.0,1,8.898824799007176,1.0
120,6.952070082743495,0.0,1.0,1,6.952070082743495,1.0
121,-6.157606846381736,0.0,1.0,1,-6.157606846381736,1.0
122,-0.6611472202940654,0.0,1.0,1,-0.6611472202940654,1.0
123,5.062585741132253,0.0,1.0,1,5.062585741132253,1.0
124,1.6830895860284638,0.0,1.0,1,1.6830895860284638,1.0
125,6.947108784457525,0.0,1.0,1,6.947108784457525,1.0
126,-8.96724171813587,0.0,1.0,1,-8.96724171813587,1.0
127,4.597327415407328,0.0,1.0,1,4.597327415407328,1.0
128,9.100619675339628,0.0,1.0,1,9.100619675339628,1.0
129,8.360779628941232,0.0,1.0,1,8.360779628941232,1.0
130,0.9318430537352551,0.0,1.0,1,0.9318430537352551,1.0
131,4.433475099096951,0.0,1.0,1,4.433475099096951,1.0
132,-6.586722509610368,0.0,1.0,1,-6.586722509610368,1.0
133,10.273871328671328,0.0,1.0,1,10.273871328671328,1.0
134,8.33081018309052,0.0,1.0,1,8.33081018309052,1.0
135,9.209797427891763,0.0,1.0,1,9.209797427891763,1.0
136,8.77436413746555,0.0,1.0,1,8.77436413746555,1.0
137,1.23813694863051,0.0,1.0,1,1.23813694863051,1.0
138,2.946169537624664,0.0,1.0,1,2.946169537624664,1.0
139,8.362992833623862,0.0,1.0,1,8.362992833623862,1.0
140,10.752984793854838,0.0,1.0,1,10.752984793854838,1.0
141,10.875,0.0,1.0,1,10.875,1.0
142,5.223621236812762,0.0,1.0,1,5.223621236812762,1.0
143,2.4079948904740167,0.0,1.0,1,2.4079948904740167,1.0
144,3.0679916865774235,0.0,1.0,1,3.0679916865774235,1.0
145,8.96106589941668,0.0,1.0,1,8.96106589941668,1.0
146,6.917052821766394,0.0,1.0,1,6.917052821766394,1.0
147,2.935662199448166,0.0,1.0,1,2.935662199448166,1.0
148,-5.34997362221706,0.0,1.0,1,-5.34997362221706,1.0
149,-5.880674942867108,0.0,1.0,1,-5.880674942867108,1.0
150,8.363838439768672,0.0,1.0,1,8.363838439768672,1.0
151,6.669735538734699,0.0,1.0,1,6.669735538734699,1.0
152,-5.000871606123642,0.0,1.0,1,-5.000871606123642,1.0
153,8.747171433471978,0.0,1.0,1,8.747171433471978,1.0
154,9.919203686330777,0.0,1.0,1,9.919203686330777,1.0
155,8.163801320339516,0.0,1.0,1,8.163801320339516,1.0
156,10.756965174129354,0.0,1.0,1,10.756965174129354,1.0
157,10.043601162021035,0.0,1.0,1,10.043601162021035,1.0
158,-4.530014331340606,0.0,1.0,1,-4.530014331340606,1.0
159,10.875,0.0,1.0,1,10.875,1.0
160,10.875,0.0,1.0,1,10.875,1.0
161,8.827533064409469,0.0,1.0,1,8.827533064409469,1.0
162,8.176070950148311,0.0,1.0,1,8.176070950148311,1.0
163,3.033861795383933,0.0,1.0,1,3.033861795383933,1.0
164,10.515708696200935,0.0,1.0,1,10.515708696200935,1.0
165,8.647933107768278,0.0,1.0,1,8.647933107768278,1.0
166,8.80600403989921,0.0,1.0,1,8.80600403989921,1.0
167,9.335715598965814,0.0,1.0,1,9.335715598965814,1.0
168,10.397983240223464,0.0,1.0,1,10.397983240223464,1.0
169,6.7015079124706585,0.0,1.0,1,6.7015079124706585,1.0
170,7.830077528274054,0.0,1.0,1,7.830077528274054,1.0
171,9.459295047561017,0.0,1.0,1,9.459295047561017,1.0
172,9.278824842436975,0.0,1.0,1,9.278824842436975,1.0
173,-7.892844553516644,0.0,1.0,1,-7.892844553516644,1.0
174,10.034363793103449,0.0,1.0,1,10.034363793103449,1.0
175,10.640192247414063,0.0,1.0,1,10.640192247414063,1.0
176,9.702512785050336,0.0,1.0,1,9.702512785050336,1.0
177,10.282926345374888,0.0,1.0,1,10.282926345374888,1.0
178,-11.257930366463967,0.0,1.0,1,-11.257930366463967,1.0
179,4.046522051391178,0.0,1.0,1,4.046522051391178,1.0
180,-2.7674024677040094,0.0,1.0,1,-2.7674024677040094,1.0
181,9.708087055362395,0.0,1.0,1,9.708087055362395,1.0
182,9.673220632266593,0.0,1.0,1,9.673220632266593,1.0
183,-5.92645982040065,0.0,1.0,1,-5.92645982040065,1.0
184,9.92551282051282,0.0,1.0,1,9.92551282051282,1.0
185,0.7524458844295854,0.0,1.0,1,0.7524458844295854,1.0
186,7.714519913367826,0.0,1.0,1,7.714519913367826,1.0
187,8.689677826695334,0.0,1.0,1,8.689677826695334,1.0
188,1.6372764270894251,0.0,1.0,1,1.6372764270894251,1.0
189,10.875,0.0,1.0,1,10.875,1.0
190,10.39381064876666,0.0,1.0,1,10.39381064876666,1.0
191,7.94948219600926,0.0,1.0,1,7.94948219600926,1.0
192,9.818325719162608,0.0,1.0,1,9.818325719162608,1.0
193,8.974167134568594,0.0,1.0,1,8.974167134568594,1.0
194,9.419081417650395,0.0,1.0,1,9.419081417650395,1.0
195,9.2129592488163,0.0,1.0,1,9.2129592488163,1.0
196,9.186370600909743,0.0,1.0,1,9.186370600909743,1.0
197,-1.442996160507482,0.0,1.0,1,-1.442996160507482,1.0
198,1.9607456264967311,0.0,1.0,1,1.9607456264967311,1.0
199,8.103411041316466,0.0,1.0,1,8.103411041316466,1.0
200,10.875,0.0,1.0,1,10.875,1.0
201,9.611559113300492,0.0,1.0,1,9.611559113300492,1.0
202,2.3550460209747097,0.0,1.0,1,2.3550460209747097,1.0
203,10.519774011299434,0.0,1.0,1,10.519774011299434,1.0
204,8.245311465048667,0.0,1.0,1,8.245311465048667,1.0
205,4.360953808306861,0.0,1.0,1,4.360953808306861,1.0
206,6.3168082284077975,0.0,1.0,1,6.3168082284077975,1.0
207,9.441279143704959,0.0,1.0,1,9.441279143704959,1.0
208,10.155019522490438,0.0,1.0,1,10.155019522490438,1.0
209,7.615103779628442,0.0,1.0,1,7.615103779628442,1.0
210,9.209158067610382,0.0,1.0,1,9.209158067610382,1.0
211,3.8696321905868674,0.0,1.0,1,3.8696321905868674,1.0
212,9.810639952596105,0.0,1.0,1,9.810639952596105,1.0
213,9.47367596718982,0.0,1.0,1,9.47367596718982,1.0
214,-22.24464244905732,0.0,0.0,1,-22.24464244905732,0.0
215,8.489441693196557,0.0,1.0,1,8.489441693196557,1.0
216,-1.8299551425825022,0.0,1.0,1,-1.8299551425825022,1.0
217,1.1407264094190488,0.0,1.0,1,1.1407264094190488,1.0
218,8.949836274107508,0.0,1.0,1,8.949836274107508,1.0
219,9.785478743709874,0.0,1.0,1,9.785478743709874,1.0
220,7.6896157505285405,0.0,1.0,1,7.6896157505285405,1.0
221,9.90576109260493,0.0,1.0,1,9.90576109260493,1.0
222,10.04868033496968,0.0,1.0,1,10.04868033496968,1.0
223,10.63262430451294,0.0,1.0,1,10.63262430451294,1.0
224,9.92692397970773,0.0,1.0,1,9.92692397970773,1.0
225,8.978764233087743,0.0,1.0,1,8.978764233087743,1.0
226,10.391171826675782,0.0,1.0,1,10.391171826675782,1.0
227,8.595733847719181,0.0,1.0,1,8.595733847719181,1.0
228,-0.3019102133497302,0.0,1.0,1,-0.3019102133497302,1.0
229,9.66743074131795,0.0,1.0,1,9.66743074131795,1.0
230,8.308353743389924,0.0,1.0,1,8.308353743389924,1.0
231,3.8010823605857373,0.0,1.0,1,3.8010823605857373,1.0
232,7.19037881843852,0.0,1.0,1,7.19037881843852,1.0
233,9.673012963930997,0.0,1.0,1,9.673012963930997,1.0
234,7.706583874394994,0.0,1.0,1,7.706583874394994,1.0
235,10.274314476885644,0.0,1.0,1,10.274314476885644,1.0
236,10.209,0.0,1.0,1,10.209,1.0
237,10.392840263115154,0.0,1.0,1,10.392840263115154,1.0
238,9.788749952563471,0.0,1.0,1,9.788749952563471,1.0
239,6.338520894702681,0.0,1.0,1,6.338520894702681,1.0
240,9.825166640770664,0.0,1.0,1,9.825166640770664,1.0
241,9.693566595572554,0.0,1.0,1,9.693566595572554,1.0
242,9.342063518456932,0.0,1.0,1,9.342063518456932,1.0
243,10.152126381124269,0.0,1.0,1,10.152126381124269,1.0
244,6.038353888492509,0.0,1.0,1,6.038353888492509,1.0
245,6.912259045459231,0.0,1.0,1,6.912259045459231,1.0
246,7.507864779021574,0.0,1.0,1,7.507864779021574,1.0
247,10.053377533039647,0.0,1.0,1,10.053377533039647,1.0
248,9.677223105458399,0.0,1.0,1,9.677223105458399,1.0
249,10.287783302878712,0.0,1.0,1,10.287783302878712,1.0
250,7.318402829708952,0.0,1.0,1,7.318402829708952,1.0
251,10.153091882153456,0.0,1.0,1,10.153091882153456,1.0
252,10.875,0.0,1.0,1,10.875,1.0
253,10.754533699857461,0.0,1.0,1,10.754533699857461,1.0
254,7.239792667602927,0.0,1.0,1,7.239792667602927,1.0
255,10.637748917748919,0.0,1.0,1,10.637748917748919,1.0
256,7.8477077659874155,0.0,1.0,1,7.8477077659874155,1.0
257,10.52459938366718,0.0,1.0,1,10.52459938366718,1.0
258,1.7834273580688453,0.0,1.0,1,1.7834273580688453,1.0
259,1.5966106216398526,0.0,1.0,1,1.5966106216398526,1.0
260,9.11995776169739,0.0,1.0,1,9.11995776169739,1.0
261,6.389443978618594,0.0,1.0,1,6.389443978618594,1.0
262,8.287186677158681,0.0,1.0,1,8.287186677158681,1.0
263,10.642336301728655,0.0,1.0,1,10.642336301728655,1.0
264,6.862644131985014,0.0,1.0,1,6.862644131985014,1.0
265,10.532376030171811,0.0,1.0,1,10.532376030171811,1.0
266,9.566395466887027,0.0,1.0,1,9.566395466887027,1.0
267,10.269908287349274,0.0,1.0,1,10.269908287349274,1.0
268,10.150885447106957,0.0,1.0,1,10.150885447106957,1.0
269,9.260103915310966,0.0,1.0,1,9.260103915310966,1.0
270,8.867550047871877,0.0,1.0,1,8.867550047871877,1.0
271,5.001971140586214,0.0,1.0,1,5.001971140586214,1.0
272,10.516760398359695,0.0,1.0,1,10.516760398359695,1.0
273,9.813541448889733,0.0,1.0,1,9.813541448889733,1.0
274,10.178336974330968,0.0,1.0,1,10.178336974330968,1.0
275,10.39567689494813,0.0,1.0,1,10.39567689494813,1.0
276,5.35011608399988,0.0,1.0,1,5.35011608399988,1.0
277,5.122880497747263,0.0,1.0,1,5.122880497747263,1.0
278,9.930209739091318,0.0,1.0,1,9.930209739091318,1.0
279,8.233241133229598,0.0,1.0,1,8.233241133229598,1.0
280,8.760182822319559,0.0,1.0,1,8.760182822319559,1.0
281,10.280442893441831,0.0,1.0,1,10.280442893441831,1.0
282,10.043323465786179,0.0,1.0,1,10.043323465786179,1.0
283,6.02408193886374,0.0,1.0,1,6.02408193886374,1.0
284,10.875,0.0,1.0,1,10.875,1.0
285,10.753620625116975,0.0,1.0,1,10.753620625116975,1.0
286,8.940709480546502,0.0,1.0,1,8.940709480546502,1.0
287,9.250988700564973,0.0,1.0,1,9.250988700564973,1.0
288,10.395727544271388,0.0,1.0,1,10.395727544271388,1.0
289,6.98389391036883,0.0,1.0,1,6.98389391036883,1.0
290,10.27448314781661,0.0,1.0,1,10.27448314781661,1.0
291,9.926830388417528,0.0,1.0,1,9.926830388417528,1.0
292,10.635094778756098,0.0,1.0,1,10.635094778756098,1.0
293,10.044677114133648,0.0,1.0,1,10.044677114133648,1.0
294,9.926549648597872,0.0,1.0,1,9.926549648597872,1.0
295,10.322836666666667,0.0,1.0,1,10.322836666666667,1.0
296,10.637757715558383,0.0,1.0,1,10.637757715558383,1.0
297,-1.9577352102123715,0.0,1.0,1,-1.9577352102123715,1.0
298,9.313162565429275,0.0,1.0,1,9.313162565429275,1.0
299,10.39785782306447,0.0,1.0,1,10.39785782306447,1.0
300,10.159470306293294,0.0,1.0,1,10.159470306293294,1.0
301,10.27243526622903,0.0,1.0,1,10.27243526622903,1.0
302,9.914725734064708,0.0,1.0,1,9.914725734064708,1.0
303,6.816546947438977,0.0,1.0,1,6.816546947438977,1.0
304,10.15313624575569,0.0,1.0,1,10.15313624575569,1.0
305,9.804609483133625,0.0,1.0,1,9.804609483133625,1.0
306,8.81437282695908,0.0,1.0,1,8.81437282695908,1.0
307,10.279810615431131,0.0,1.0,1,10.279810615431131,1.0
308,10.51965811965812,0.0,1.0,1,10.51965811965812,1.0
309,8.439169313462008,0.0,1.0,1,8.439169313462008,1.0
310,10.044935050169125,0.0,1.0,1,10.044935050169125,1.0
311,10.157549414909935,0.0,1.0,1,10.157549414909935,1.0
312,8.40543565798492,0.0,1.0,1,8.40543565798492,1.0
313,9.427360848617138,0.0,1.0,1,9.427360848617138,1.0
314,10.875,0.0,1.0,1,10.875,1.0
315,5.616710654539549,0.0,1.0,1,5.616710654539549,1.0
316,6.02284388328066,0.0,1.0,1,6.02284388328066,1.0
317,10.393371280598036,0.0,1.0,1,10.393371280598036,1.0
318,9.809570670182064,0.0,1.0,1,9.809570670182064,1.0
319,10.283308497956403,0.0,1.0,1,10.283308497956403,1.0
320,9.140557925609919,0.0,1.0,1,9.140557925609919,1.0
321,10.031678172498593,0.0,1.0,1,10.031678172498593,1.0
322,8.78988669882361,0.0,1.0,1,8.78988669882361,1.0
323,8.98254242903012,0.0,1.0,1,8.98254242903012,1.0
324,9.831964869623544,0.0,1.0,1,9.831964869623544,1.0
325,10.516299480566005,0.0,1.0,1,10.516299480566005,1.0
326,10.63028388777798,0.0,1.0,1,10.63028388777798,1.0
327,6.9640810985650425,0.0,1.0,1,6.9640810985650425,1.0
328,9.928361885081989,0.0,1.0,1,9.928361885081989,1.0
329,8.417884931196557,0.0,1.0,1,8.417884931196557,1.0
330,9.438237422224725,0.0,1.0,1,9.438237422224725,1.0
331,9.812282608695654,0.0,1.0,1,9.812282608695654,1.0
332,7.009113945921042,0.0,1.0,1,7.009113945921042,1.0
333,10.39220687967559,0.0,1.0,1,10.39220687967559,1.0
334,9.692338310617242,0.0,1.0,1,9.692338310617242,1.0
335,9.331592984863429,0.0,1.0,1,9.331592984863429,1.0
336,5.968169829852384,0.0,1.0,1,5.968169829852384,1.0
337,9.920494811169359,0.0,1.0,1,9.920494811169359,1.0
338,10.273920233738972,0.0,1.0,1,10.273920233738972,1.0
339,10.401869852369853,0.0,1.0,1,10.401869852369853,1.0
340,10.276890178809714,0.0,1.0,1,10.276890178809714,1.0
341,9.207137337263003,0.0,1.0,1,9.207137337263003,1.0
342,10.275471008608088,0.0,1.0,1,10.275471008608088,1.0
343,9.657898995618872,0.0,1.0,1,9.657898995618872,1.0
344,10.281376212486165,0.0,1.0,1,10.281376212486165,1.0
345,10.280116408599755,0.0,1.0,1,10.280116408599755,1.0
346,10.636574125874127,0.0,1.0,1,10.636574125874127,1.0
347,9.143911807698553,0.0,1.0,1,9.143911807698553,1.0
348,4.3110841354417335,0.0,1.0,1,4.3110841354417335,1.0
349,10.391724765534667,0.0,1.0,1,10.391724765534667,1.0
350,10.036119679210364,0.0,1.0,1,10.036119679210364,1.0
351,-1.0313049236522254,0.0,1.0,1,-1.0313049236522254,1.0
352,10.635346881203636,0.0,1.0,1,10.635346881203636,1.0
353,9.4322733294473,0.0,1.0,1,9.4322733294473,1.0
354,10.15330669649992,0.0,1.0,1,10.15330669649992,1.0
355,10.875,0.0,1.0,1,10.875,1.0
356,10.655,0.0,1.0,1,10.655,1.0
357,10.522268734668039,0.0,1.0,1,10.522268734668039,1.0
358,10.635112359550563,0.0,1.0,1,10.635112359550563,1.0
359,10.875,0.0,1.0,1,10.875,1.0
360,7.529535365247638,0.0,1.0,1,7.529535365247638,1.0
361,9.920628480789567,0.0,1.0,1,9.920628480789567,1.0
362,6.08569997697444,0.0,1.0,1,6.08569997697444,1.0
363,10.039820102469633,0.0,1.0,1,10.039820102469633,1.0
364,10.158457040688122,0.0,1.0,1,10.158457040688122,1.0
365,10.277077169132347,0.0,1.0,1,10.277077169132347,1.0
366,10.160791558179618,0.0,1.0,1,10.160791558179618,1.0
367,10.875,0.0,1.0,1,10.875,1.0
368,10.274032864838837,0.0,1.0,1,10.274032864838837,1.0
369,8.868092616191003,0.0,1.0,1,8.868092616191003,1.0
370,10.753939662036627,0.0,1.0,1,10.753939662036627,1.0
371,10.755042016806723,0.0,1.0,1,10.755042016806723,1.0
372,10.278055827465344,0.0,1.0,1,10.278055827465344,1.0
373,2.703467136656834,0.0,1.0,1,2.703467136656834,1.0
374,9.925589262099974,0.0,1.0,1,9.925589262099974,1.0
375,7.691902997025852,0.0,1.0,1,7.691902997025852,1.0
376,9.690457643050172,0.0,1.0,1,9.690457643050172,1.0
377,10.27620750696607,0.0,1.0,1,10.27620750696607,1.0
378,10.875,0.0,1.0,1,10.875,1.0
379,10.164209899175068,0.0,1.0,1,10.164209899175068,1.0
380,9.444115602358393,0.0,1.0,1,9.444115602358393,1.0
381,9.704968297766166,0.0,1.0,1,9.704968297766166,1.0
382,10.634174784804907,0.0,1.0,1,10.634174784804907,1.0
383,9.78375299196922,0.0,1.0,1,9.78375299196922,1.0
384,10.875,0.0,1.0,1,10.875,1.0
385,10.282912170225732,0.0,1.0,1,10.282912170225732,1.0
386,8.859633388747923,0.0,1.0,1,8.859633388747923,1.0
387,9.567340219215096,0.0,1.0,1,9.567340219215096,1.0
388,10.528677685950413,0.0,1.0,1,10.528677685950413,1.0
389,10.040297218223191,0.0,1.0,1,10.040297218223191,1.0
390,0.2574512505298916,0.0,1.0,1,0.2574512505298916,1.0
391,10.047628822197057,0.0,1.0,1,10.047628822197057,1.0
392,10.875,0.0,1.0,1,10.875,1.0
393,10.634779689337211,0.0,1.0,1,10.634779689337211,1.0
394,10.156034937956525,0.0,1.0,1,10.156034937956525,1.0
395,-0.7980670280328486,0.0,1.0,1,-0.7980670280328486,1.0
396,10.048006515984525,0.0,1.0,1,10.048006515984525,1.0
397,9.235216317991632,0.0,1.0,1,9.235216317991632,1.0
398,10.272802965006033,0.0,1.0,1,10.272802965006033,1.0
399,10.279805729190088,0.0,1.0,1,10.279805729190088,1.0
400,10.392698887343533,0.0,1.0,1,10.392698887343533,1.0
401,8.637473973859208,0.0,1.0,1,8.637473973859208,1.0
402,8.74990192375145,0.0,1.0,1,8.74990192375145,1.0
403,10.633608205953339,0.0,1.0,1,10.633608205953339,1.0
404,9.673060145582062,0.0,1.0,1,9.673060145582062,1.0
405,9.92814378130217,0.0,1.0,1,9.92814378130217,1.0
406,-9.707849891225532,0.0,1.0,1,-9.707849891225532,1.0
407,10.517681789540012,0.0,1.0,1,10.517681789540012,1.0
408,10.396602551894878,0.0,1.0,1,10.396602551894878,1.0
409,10.152460238876168,0.0,1.0,1,10.152460238876168,1.0
410,10.515277583554747,0.0,1.0,1,10.515277583554747,1.0
411,10.152336895883492,0.0,1.0,1,10.152336895883492,1.0
412,9.807239164228237,0.0,1.0,1,9.807239164228237,1.0
413,10.274708139834882,0.0,1.0,1,10.274708139834882,1.0
414,10.512663936605861,0.0,1.0,1,10.512663936605861,1.0
415,5.054726621935099,0.0,1.0,1,5.054726621935099,1.0
416,10.875,0.0,1.0,1,10.875,1.0
417,10.397539281883006,0.0,1.0,1,10.397539281883006,1.0
418,10.397423343554193,0.0,1.0,1,10.397423343554193,1.0
419,10.154109327217126,0.0,1.0,1,10.154109327217126,1.0
420,9.56156617135372,0.0,1.0,1,9.56156617135372,1.0
421,10.392342316276762,0.0,1.0,1,10.392342316276762,1.0
422,8.746203503955025,0.0,1.0,1,8.746203503955025,1.0
423,10.875,0.0,1.0,1,10.875,1.0
424,10.158125759976418,0.0,1.0,1,10.158125759976418,1.0
425,10.161297889727443,0.0,1.0,1,10.161297889727443,1.0
426,10.159517698240064,0.0,1.0,1,10.159517698240064,1.0
427,10.041534762510471,0.0,1.0,1,10.041534762510471,1.0
428,8.104328012187853,0.0,1.0,1,8.104328012187853,1.0
429,10.513899007662355,0.0,1.0,1,10.513899007662355,1.0
430,10.518304821150855,0.0,1.0,1,10.518304821150855,1.0
431,10.635398443291328,0.0,1.0,1,10.635398443291328,1.0
432,9.566203433840284,0.0,1.0,1,9.566203433840284,1.0
433,5.864764205965672,0.0,1.0,1,5.864764205965672,1.0
434,10.279266624244352,0.0,1.0,1,10.279266624244352,1.0
435,9.951508325393583,0.0,1.0,1,9.951508325393583,1.0
436,9.711367338627571,0.0,1.0,1,9.711367338627571,1.0
437,9.725538333333335,0.0,1.0,1,9.725538333333335,1.0
438,10.754025224741715,0.0,1.0,1,10.754025224741715,1.0
439,9.557546452582905,0.0,1.0,1,9.557546452582905,1.0
440,10.754502939427967,0.0,1.0,1,10.754502939427967,1.0
441,10.151806997978671,0.0,1.0,1,10.151806997978671,1.0
442,10.398887957449269,0.0,1.0,1,10.398887957449269,1.0
443,10.635000000000002,0.0,1.0,1,10.635000000000002,1.0
444,10.63565963060686,0.0,1.0,1,10.63565963060686,1.0
445,2.0996993297460573,0.0,1.0,1,2.0996993297460573,1.0
446,9.445847860111176,0.0,1.0,1,9.445847860111176,1.0
447,8.749792270233618,0.0,1.0,1,8.749792270233618,1.0
448,10.397117031263335,0.0,1.0,1,10.397117031263335,1.0
449,10.040935838445808,0.0,1.0,1,10.040935838445808,1.0
450,9.079888281539233,0.0,1.0,1,9.079888281539233,1.0
451,10.515062761506277,0.0,1.0,1,10.515062761506277,1.0
452,8.57540627822945,0.0,1.0,1,8.57540627822945,1.0
453,9.937944563816073,0.0,1.0,1,9.937944563816073,1.0
454,8.61241491752069,0.0,1.0,1,8.61241491752069,1.0
455,7.442402866386478,0.0,1.0,1,7.442402866386478,1.0
456,10.151134382246749,0.0,1.0,1,10.151134382246749,1.0
457,8.947419403499698,0.0,1.0,1,8.947419403499698,1.0
458,10.753939662036627,0.0,1.0,1,10.753939662036627,1.0
459,10.034746823901283,0.0,1.0,1,10.034746823901283,1.0
460,8.925478129142208,0.0,1.0,1,8.925478129142208,1.0
461,10.035944127984486,0.0,1.0,1,10.035944127984486,1.0
462,10.397539281883006,0.0,1.0,1,10.397539281883006,1.0
463,-1.751657807308975,0.0,1.0,1,-1.751657807308975,1.0
464,9.315125185223033,0.0,1.0,1,9.315125185223033,1.0
465,8.617943176299176,0.0,1.0,1,8.617943176299176,1.0
466,10.392805168689954,0.0,1.0,1,10.392805168689954,1.0
467,10.39602174282317,0.0,1.0,1,10.39602174282317,1.0
468,10.754025224741715,0.0,1.0,1,10.754025224741715,1.0
469,10.875,0.0,1.0,1,10.875,1.0
470,10.516091683808405,0.0,1.0,1,10.516091683808405,1.0
471,4.816571053782247,0.0,1.0,1,4.816571053782247,1.0
472,9.693168241037641,0.0,1.0,1,9.693168241037641,1.0
473,10.875,0.0,1.0,1,10.875,1.0
474,10.037828673408686,0.0,1.0,1,10.037828673408686,1.0
475,10.756415342334808,0.0,1.0,1,10.756415342334808,1.0
476,10.170177329624478,0.0,1.0,1,10.170177329624478,1.0
477,10.270102848881148,0.0,1.0,1,10.270102848881148,1.0
478,10.397970064626266,0.0,1.0,1,10.397970064626266,1.0
479,10.287297275863436,0.0,1.0,1,10.287297275863436,1.0
480,9.788499811663185,0.0,1.0,1,9.788499811663185,1.0
481,10.039855420103176,0.0,1.0,1,10.039855420103176,1.0
482,10.281165534280419,0.0,1.0,1,10.281165534280419,1.0
483,10.635047614512903,0.0,1.0,1,10.635047614512903,1.0
484,9.67960788809906,0.0,1.0,1,9.67960788809906,1.0
485,7.679837787296963,0.0,1.0,1,7.679837787296963,1.0
486,10.756498679830099,0.0,1.0,1,10.756498679830099,1.0
487,10.771823513729672,0.0,1.0,1,10.771823513729672,1.0
488,8.85213534496999,0.0,1.0,1,8.85213534496999,1.0
489,10.39335889300194,0.0,1.0,1,10.39335889300194,1.0
490,10.036553873130968,0.0,1.0,1,10.036553873130968,1.0
491,10.633324127805354,0.0,1.0,1,10.633324127805354,1.0
492,10.395080213903743,0.0,1.0,1,10.395080213903743,1.0
493,10.30230323384432,0.0,1.0,1,10.30230323384432,1.0
494,10.273051704415465,0.0,1.0,1,10.273051704415465,1.0
495,10.277292282672974,0.0,1.0,1,10.277292282672974,1.0
496,10.156892214774011,0.0,1.0,1,10.156892214774011,1.0
497,10.397263224868206,0.0,1.0,1,10.397263224868206,1.0
498,9.346461943177832,0.0,1.0,1,9.346461943177832,1.0
499,10.161436416508222,0.0,1.0,1,10.161436416508222,1.0
500,9.688366998321746,0.0,1.0,1,9.688366998321746,1.0
501,10.635000000000002,0.0,1.0,1,10.635000000000002,1.0
502,7.911544828295291,0.0,1.0,1,7.911544828295291,1.0
503,9.110775266926805,0.0,1.0,1,9.110775266926805,1.0
504,10.63274124268681,0.0,1.0,1,10.63274124268681,1.0
505,6.494956347911226,0.0,1.0,1,6.494956347911226,1.0
506,10.40991052299937,0.0,1.0,1,10.40991052299937,1.0
507,10.632538304825772,0.0,1.0,1,10.632538304825772,1.0
508,10.026424796344129,0.0,1.0,1,10.026424796344129,1.0
509,9.107947183270632,0.0,1.0,1,9.107947183270632,1.0
510,10.511797914419272,0.0,1.0,1,10.511797914419272,1.0
511,10.649989523676492,0.0,1.0,1,10.649989523676492,1.0
512,10.405786666666666,0.0,1.0,1,10.405786666666666,1.0
513,9.106562982775714,0.0,1.0,1,9.106562982775714,1.0
514,10.513919477513229,0.0,1.0,1,10.513919477513229,1.0
515,9.803354059426125,0.0,1.0,1,9.803354059426125,1.0
516,9.796859881007517,0.0,1.0,1,9.796859881007517,1.0
517,10.156277734890555,0.0,1.0,1,10.156277734890555,1.0
518,9.918402728603125,0.0,1.0,1,9.918402728603125,1.0
519,9.682236276556552,0.0,1.0,1,9.682236276556552,1.0
520,10.274988385852653,0.0,1.0,1,10.274988385852653,1.0
521,10.75331491712707,0.0,1.0,1,10.75331491712707,1.0
522,10.75326321773735,0.0,1.0,1,10.75326321773735,1.0
523,10.1579331263532,0.0,1.0,1,10.1579331263532,1.0
524,10.397551488045938,0.0,1.0,1,10.397551488045938,1.0
525,10.277609240189257,0.0,1.0,1,10.277609240189257,1.0
526,10.158437550755238,0.0,1.0,1,10.158437550755238,1.0
527,10.51655957803884,0.0,1.0,1,10.51655957803884,1.0
528,10.274879383337327,0.0,1.0,1,10.274879383337327,1.0
529,10.517181445070152,0.0,1.0,1,10.517181445070152,1.0
530,10.755736235595391,0.0,1.0,1,10.755736235595391,1.0
531,9.012496678754804,0.0,1.0,1,9.012496678754804,1.0
532,9.224441139432887,0.0,1.0,1,9.224441139432887,1.0
533,10.278621482055254,0.0,1.0,1,10.278621482055254,1.0
534,8.755536658119212,0.0,1.0,1,8.755536658119212,1.0
535,6.700875366308497,0.0,1.0,1,6.700875366308497,1.0
536,10.393503447496325,0.0,1.0,1,10.393503447496325,1.0
537,10.154022626818488,0.0,1.0,1,10.154022626818488,1.0
538,9.93281965729797,0.0,1.0,1,9.93281965729797,1.0
539,10.161069645799994,0.0,1.0,1,10.161069645799994,1.0
540,10.392149491478195,0.0,1.0,1,10.392149491478195,1.0
541,10.04296551724138,0.0,1.0,1,10.04296551724138,1.0
542,9.225264026402641,0.0,1.0,1,9.225264026402641,1.0
543,9.91642795983498,0.0,1.0,1,9.91642795983498,1.0
544,10.753361946902654,0.0,1.0,1,10.753361946902654,1.0
545,10.157618187637162,0.0,1.0,1,10.157618187637162,1.0
546,9.796372239747635,0.0,1.0,1,9.796372239747635,1.0
547,10.279808976719897,0.0,1.0,1,10.279808976719897,1.0
548,9.349395211956882,0.0,1.0,1,9.349395211956882,1.0
549,10.875,0.0,1.0,1,10.875,1.0
550,10.513368721927318,0.0,1.0,1,10.513368721927318,1.0
551,10.771823513729672,0.0,1.0,1,10.771823513729672,1.0
552,10.038647748467891,0.0,1.0,1,10.038647748467891,1.0
553,8.987511321663723,0.0,1.0,1,8.987511321663723,1.0
554,9.784212170227006,0.0,1.0,1,9.784212170227006,1.0
555,8.605796580532347,0.0,1.0,1,8.605796580532347,1.0
556,9.797898242422464,0.0,1.0,1,9.797898242422464,1.0
557,10.513237931209158,0.0,1.0,1,10.513237931209158,1.0
558,10.755,0.0,1.0,1,10.755,1.0
559,10.514721678321678,0.0,1.0,1,10.514721678321678,1.0
560,9.337241300800667,0.0,1.0,1,9.337241300800667,1.0
561,10.16745288603848,0.0,1.0,1,10.16745288603848,1.0
562,10.753908225108226,0.0,1.0,1,10.753908225108226,1.0
563,10.682726666666666,0.0,1.0,1,10.682726666666666,1.0
564,9.928026299504952,0.0,1.0,1,9.928026299504952,1.0
565,10.396844624893953,0.0,1.0,1,10.396844624893953,1.0
566,10.287136896657737,0.0,1.0,1,10.287136896657737,1.0
567,10.634395062372775,0.0,1.0,1,10.634395062372775,1.0
568,10.271656329536187,0.0,1.0,1,10.271656329536187,1.0
569,9.92146731276035,0.0,1.0,1,9.92146731276035,1.0
570,6.72889971309896,0.0,1.0,1,6.72889971309896,1.0
571,3.4706376703223674,0.0,1.0,1,3.4706376703223674,1.0
572,10.630325225816218,0.0,1.0,1,10.630325225816218,1.0
573,10.395524066664077,0.0,1.0,1,10.395524066664077,1.0
574,10.277982935608584,0.0,1.0,1,10.277982935608584,1.0
575,10.280976151681232,0.0,1.0,1,10.280976151681232,1.0
576,9.324851309080003,0.0,1.0,1,9.324851309080003,1.0
577,10.153013114943526,0.0,1.0,1,10.153013114943526,1.0
578,10.394414577783483,0.0,1.0,1,10.394414577783483,1.0
579,10.038454697213908,0.0,1.0,1,10.038454697213908,1.0
580,10.656144998707678,0.0,1.0,1,10.656144998707678,1.0
581,10.207209038794826,0.0,1.0,1,10.207209038794826,1.0
582,10.273654373102275,0.0,1.0,1,10.273654373102275,1.0
583,10.15384691365529,0.0,1.0,1,10.15384691365529,1.0
584,9.23408026141871,0.0,1.0,1,9.23408026141871,1.0
585,10.395740195654055,0.0,1.0,1,10.395740195654055,1.0
586,10.875,0.0,1.0,1,10.875,1.0
587,10.284882012814501,0.0,1.0,1,10.284882012814501,1.0
588,1.3722067370789333,0.0,1.0,1,1.3722067370789333,1.0
589,7.342075328094788,0.0,1.0,1,7.342075328094788,1.0
590,10.279867693959392,0.0,1.0,1,10.279867693959392,1.0
591,10.27328509114019,0.0,1.0,1,10.27328509114019,1.0
592,10.763530578512396,0.0,1.0,1,10.763530578512396,1.0
593,10.753501320169901,0.0,1.0,1,10.753501320169901,1.0
594,9.581938380886903,0.0,1.0,1,9.581938380886903,1.0
595,10.047608286252354,0.0,1.0,1,10.047608286252354,1.0
596,10.547228404875463,0.0,1.0,1,10.547228404875463,1.0
597,7.967727913456811,0.0,1.0,1,7.967727913456811,1.0
598,10.039885384273655,0.0,1.0,1,10.039885384273655,1.0
599,10.392712097335727,0.0,1.0,1,10.392712097335727,1.0
600,9.238987760834672,0.0,1.0,1,9.238987760834672,1.0
601,9.567780626206181,0.0,1.0,1,9.567780626206181,1.0
602,10.525673522127704,0.0,1.0,1,10.525673522127704,1.0
603,10.033909704684842,0.0,1.0,1,10.033909704684842,1.0
604,10.159697168327215,0.0,1.0,1,10.159697168327215,1.0
605,10.030663959390864,0.0,1.0,1,10.030663959390864,1.0
606,10.157525752097687,0.0,1.0,1,10.157525752097687,1.0
607,9.6010665386542,0.0,1.0,1,9.6010665386542,1.0
608,10.633270805560846,0.0,1.0,1,10.633270805560846,1.0
609,10.39405354071101,0.0,1.0,1,10.39405354071101,1.0
610,10.27767081044618,0.0,1.0,1,10.27767081044618,1.0
611,10.27400623885918,0.0,1.0,1,10.27400623885918,1.0
612,6.6643633716801585,0.0,1.0,1,6.6643633716801585,1.0
613,9.91663566321927,0.0,1.0,1,9.91663566321927,1.0
614,2.4924685634975727,0.0,1.0,1,2.4924685634975727,1.0
615,10.269908287349274,0.0,1.0,1,10.269908287349274,1.0
616,10.515062761506277,0.0,1.0,1,10.515062761506277,1.0
617,10.63730915156669,0.0,1.0,1,10.63730915156669,1.0
618,10.039659687123947,0.0,1.0,1,10.039659687123947,1.0
619,10.875,0.0,1.0,1,10.875,1.0
620,10.397748298296417,0.0,1.0,1,10.397748298296417,1.0
621,10.274821588771523,0.0,1.0,1,10.274821588771523,1.0
622,9.801395204710074,0.0,1.0,1,9.801395204710074,1.0
623,10.7529794933655,0.0,1.0,1,10.7529794933655,1.0
624,10.157749570528727,0.0,1.0,1,10.157749570528727,1.0
625,10.154976557680444,0.0,1.0,1,10.154976557680444,1.0
626,10.755544021153659,0.0,1.0,1,10.755544021153659,1.0
627,10.278115170494084,0.0,1.0,1,10.278115170494084,1.0
628,9.806569569972943,0.0,1.0,1,9.806569569972943,1.0
629,10.396356824392349,0.0,1.0,1,10.396356824392349,1.0
630,9.679845495284596,0.0,1.0,1,9.679845495284596,1.0
631,9.91976686074721,0.0,1.0,1,9.91976686074721,1.0
632,10.395837942891314,0.0,1.0,1,10.395837942891314,1.0
633,10.3963221807921,0.0,1.0,1,10.3963221807921,1.0
634,10.282908335340881,0.0,1.0,1,10.282908335340881,1.0
635,10.27500942191964,0.0,1.0,1,10.27500942191964,1.0
636,9.68521399108601,0.0,1.0,1,9.68521399108601,1.0
637,10.15538611561555,0.0,1.0,1,10.15538611561555,1.0
638,10.516398301040374,0.0,1.0,1,10.516398301040374,1.0
639,10.275988062053084,0.0,1.0,1,10.275988062053084,1.0
640,9.797515138059099,0.0,1.0,1,9.797515138059099,1.0
641,10.875,0.0,1.0,1,10.875,1.0
642,10.284743769129864,0.0,1.0,1,10.284743769129864,1.0
643,10.395346451395897,0.0,1.0,1,10.395346451395897,1.0
644,9.204258757117854,0.0,1.0,1,9.204258757117854,1.0
645,10.278794703153444,0.0,1.0,1,10.278794703153444,1.0
646,10.275673209263358,0.0,1.0,1,10.275673209263358,1.0
647,10.398483794283063,0.0,1.0,1,10.398483794283063,1.0
648,4.241677355550226,0.0,1.0,1,4.241677355550226,1.0
649,10.393342669627764,0.0,1.0,1,10.393342669627764,1.0
650,9.692583780431912,0.0,1.0,1,9.692583780431912,1.0
651,8.063740822089741,0.0,1.0,1,8.063740822089741,1.0
652,10.755,0.0,1.0,1,10.755,1.0
653,10.634196987183381,0.0,1.0,1,10.634196987183381,1.0
654,10.875,0.0,1.0,1,10.875,1.0
655,10.39524733955617,0.0,1.0,1,10.39524733955617,1.0
656,10.036881832018818,0.0,1.0,1,10.036881832018818,1.0
657,9.344181232410014,0.0,1.0,1,9.344181232410014,1.0
658,10.033991056987917,0.0,1.0,1,10.033991056987917,1.0
659,10.273711908199711,0.0,1.0,1,10.273711908199711,1.0
660,10.277894423968613,0.0,1.0,1,10.277894423968613,1.0
661,10.395158123115394,0.0,1.0,1,10.395158123115394,1.0
662,9.556198591404483,0.0,1.0,1,9.556198591404483,1.0
663,10.034242253893721,0.0,1.0,1,10.034242253893721,1.0
664,10.396527932677683,0.0,1.0,1,10.396527932677683,1.0
665,9.688031732765362,0.0,1.0,1,9.688031732765362,1.0
666,10.517661921883466,0.0,1.0,1,10.517661921883466,1.0
667,10.276022045766743,0.0,1.0,1,10.276022045766743,1.0
668,10.159241454043936,0.0,1.0,1,10.159241454043936,1.0
669,10.156334724310392,0.0,1.0,1,10.156334724310392,1.0
670,10.394272206303725,0.0,1.0,1,10.394272206303725,1.0
671,10.160019880227765,0.0,1.0,1,10.160019880227765,1.0
672,10.161973418690419,0.0,1.0,1,10.161973418690419,1.0
673,10.512981695843074,0.0,1.0,1,10.512981695843074,1.0
674,10.274704117908458,0.0,1.0,1,10.274704117908458,1.0
675,10.635,0.0,1.0,1,10.635,1.0
676,10.395608009869145,0.0,1.0,1,10.395608009869145,1.0
677,10.516606847908577,0.0,1.0,1,10.516606847908577,1.0
678,10.152243495028925,0.0,1.0,1,10.152243495028925,1.0
679,10.038731606757814,0.0,1.0,1,10.038731606757814,1.0
680,9.472581873044874,0.0,1.0,1,9.472581873044874,1.0
681,10.00404210361559,0.0,1.0,1,10.00404210361559,1.0
682,8.747039634422224,0.0,1.0,1,8.747039634422224,1.0
683,10.156804626532887,0.0,1.0,1,10.156804626532887,1.0
684,9.239424650739853,0.0,1.0,1,9.239424650739853,1.0
685,10.161618483183965,0.0,1.0,1,10.161618483183965,1.0
686,9.678440719508142,0.0,1.0,1,9.678440719508142,1.0
687,10.289513660143383,0.0,1.0,1,10.289513660143383,1.0
688,10.637607546262917,0.0,1.0,1,10.637607546262917,1.0
689,10.639163220722478,0.0,1.0,1,10.639163220722478,1.0
690,10.273012147910826,0.0,1.0,1,10.273012147910826,1.0
691,7.340199709934735,0.0,1.0,1,7.340199709934735,1.0
692,9.211744115287805,0.0,1.0,1,9.211744115287805,1.0
693,9.58180862154934,0.0,1.0,1,9.58180862154934,1.0
694,9.923779369043372,0.0,1.0,1,9.923779369043372,1.0
695,10.398563756177925,0.0,1.0,1,10.398563756177925,1.0
696,10.151453583708015,0.0,1.0,1,10.151453583708015,1.0
697,10.520259043631844,0.0,1.0,1,10.520259043631844,1.0
698,10.275097643332057,0.0,1.0,1,10.275097643332057,1.0
699,10.875,0.0,1.0,1,10.875,1.0
700,10.27564658072503,0.0,1.0,1,10.27564658072503,1.0
701,9.925774340254922,0.0,1.0,1,9.925774340254922,1.0
702,10.650818333333333,0.0,1.0,1,10.650818333333333,1.0
703,10.635569555106553,0.0,1.0,1,10.635569555106553,1.0
704,7.307902723896851,0.0,1.0,1,7.307902723896851,1.0
705,10.155009723842863,0.0,1.0,1,10.155009723842863,1.0
706,10.27648364046634,0.0,1.0,1,10.27648364046634,1.0
707,10.39803084469571,0.0,1.0,1,10.39803084469571,1.0
708,10.39785782306447,0.0,1.0,1,10.39785782306447,1.0
709,10.875,0.0,1.0,1,10.875,1.0
710,10.162810667314432,0.0,1.0,1,10.162810667314432,1.0
711,10.875,0.0,1.0,1,10.875,1.0
712,10.875,0.0,1.0,1,10.875,1.0
713,9.250123872482392,0.0,1.0,1,9.250123872482392,1.0
714,10.153815558791193,0.0,1.0,1,10.153815558791193,1.0
715,10.156098081683167,0.0,1.0,1,10.156098081683167,1.0
716,10.388520414993305,0.0,1.0,1,10.388520414993305,1.0
717,10.394467280393988,0.0,1.0,1,10.394467280393988,1.0
718,10.271872768152361,0.0,1.0,1,10.271872768152361,1.0
719,10.287443869937883,0.0,1.0,1,10.287443869937883,1.0
720,10.278027854421232,0.0,1.0,1,10.278027854421232,1.0
721,9.57609636810881,0.0,1.0,1,9.57609636810881,1.0
722,10.39511763428406,0.0,1.0,1,10.39511763428406,1.0
723,10.403329508585898,0.0,1.0,1,10.403329508585898,1.0
724,10.400689459152185,0.0,1.0,1,10.400689459152185,1.0
725,10.272394005197395,0.0,1.0,1,10.272394005197395,1.0
726,10.397748298296417,0.0,1.0,1,10.397748298296417,1.0
727,10.400177741489761,0.0,1.0,1,10.400177741489761,1.0
728,6.985807781692781,0.0,1.0,1,6.985807781692781,1.0
729,10.394597517650762,0.0,1.0,1,10.394597517650762,1.0
730,9.69683148651474,0.0,1.0,1,9.69683148651474,1.0
731,9.810193874312315,0.0,1.0,1,9.810193874312315,1.0
732,10.755645619125717,0.0,1.0,1,10.755645619125717,1.0
733,10.155681844347225,0.0,1.0,1,10.155681844347225,1.0
734,10.39794178561433,0.0,1.0,1,10.39794178561433,1.0
735,10.154252801661032,0.0,1.0,1,10.154252801661032,1.0
736,10.515457836693772,0.0,1.0,1,10.515457836693772,1.0
737,10.28900173080839,0.0,1.0,1,10.28900173080839,1.0
738,9.791025183211193,0.0,1.0,1,9.791025183211193,1.0
739,10.637832604895104,0.0,1.0,1,10.637832604895104,1.0
740,10.634790882733945,0.0,1.0,1,10.634790882733945,1.0
741,10.875,0.0,1.0,1,10.875,1.0
742,9.598264690740605,0.0,1.0,1,9.598264690740605,1.0
743,9.385015072821705,0.0,1.0,1,9.385015072821705,1.0
744,10.875,0.0,1.0,1,10.875,1.0
745,8.092877057627495,0.0,1.0,1,8.092877057627495,1.0
746,10.875,0.0,1.0,1,10.875,1.0
747,8.767105672307014,0.0,1.0,1,8.767105672307014,1.0
748,10.16371908313319,0.0,1.0,1,10.16371908313319,1.0
749,10.393621091927205,0.0,1.0,1,10.393621091927205,1.0
750,9.92680578688461,0.0,1.0,1,9.92680578688461,1.0
751,10.278978095414887,0.0,1.0,1,10.278978095414887,1.0
752,10.273302179677898,0.0,1.0,1,10.273302179677898,1.0
753,10.513876477765157,0.0,1.0,1,10.513876477765157,1.0
754,8.630733743536414,0.0,1.0,1,8.630733743536414,1.0
755,9.925662047176248,0.0,1.0,1,9.925662047176248,1.0
756,10.157857512450683,0.0,1.0,1,10.157857512450683,1.0
757,10.155112202326968,0.0,1.0,1,10.155112202326968,1.0
758,10.393668467906751,0.0,1.0,1,10.393668467906751,1.0
759,10.038328646185612,0.0,1.0,1,10.038328646185612,1.0
760,10.875,0.0,1.0,1,10.875,1.0
761,10.753370165745856,0.0,1.0,1,10.753370165745856,1.0
762,10.754289027469978,0.0,1.0,1,10.754289027469978,1.0
763,10.036889756309128,0.0,1.0,1,10.036889756309128,1.0
764,10.276735806747528,0.0,1.0,1,10.276735806747528,1.0
765,9.216848803006782,0.0,1.0,1,9.216848803006782,1.0
766,10.172209968008081,0.0,1.0,1,10.172209968008081,1.0
767,10.393438507600184,0.0,1.0,1,10.393438507600184,1.0
768,10.037759933970051,0.0,1.0,1,10.037759933970051,1.0
769,10.52072100840336,0.0,1.0,1,10.52072100840336,1.0
770,9.22468982722669,0.0,1.0,1,9.22468982722669,1.0
771,10.511282796839188,0.0,1.0,1,10.511282796839188,1.0
772,10.39335889300194,0.0,1.0,1,10.39335889300194,1.0
773,10.51571792625627,0.0,1.0,1,10.51571792625627,1.0
774,9.817228378603566,0.0,1.0,1,9.817228378603566,1.0
775,10.516964814753171,0.0,1.0,1,10.516964814753171,1.0
776,10.275088871482797,0.0,1.0,1,10.275088871482797,1.0
777,9.352892669238864,0.0,1.0,1,9.352892669238864,1.0
778,10.279860025449917,0.0,1.0,1,10.279860025449917,1.0
779,10.754979253112033,0.0,1.0,1,10.754979253112033,1.0
780,10.405750943923927,0.0,1.0,1,10.405750943923927,1.0
781,9.849847524413226,0.0,1.0,1,9.849847524413226,1.0
782,10.274299699632884,0.0,1.0,1,10.274299699632884,1.0
783,10.756793360995852,0.0,1.0,1,10.756793360995852,1.0
784,9.936824307867175,0.0,1.0,1,9.936824307867175,1.0
785,10.272785428029048,0.0,1.0,1,10.272785428029048,1.0
786,10.165452645275602,0.0,1.0,1,10.165452645275602,1.0
787,10.52,0.0,1.0,1,10.52,1.0
788,10.035961465451786,0.0,1.0,1,10.035961465451786,1.0
789,10.037699484984282,0.0,1.0,1,10.037699484984282,1.0
790,10.278487322415154,0.0,1.0,1,10.278487322415154,1.0
791,9.484872589412458,0.0,1.0,1,9.484872589412458,1.0
792,10.162543805835666,0.0,1.0,1,10.162543805835666,1.0
793,9.462977231746374,0.0,1.0,1,9.462977231746374,1.0
794,9.337460904740762,0.0,1.0,1,9.337460904740762,1.0
795,9.92225948467237,0.0,1.0,1,9.92225948467237,1.0
796,3.9849468223086895,0.0,1.0,1,3.9849468223086895,1.0
797,10.392405225211256,0.0,1.0,1,10.392405225211256,1.0
798,10.400930503196198,0.0,1.0,1,10.400930503196198,1.0
799,9.946744101400247,0.0,1.0,1,9.946744101400247,1.0
800,10.875,0.0,1.0,1,10.875,1.0
801,10.276812206414112,0.0,1.0,1,10.276812206414112,1.0
802,10.034933705213472,0.0,1.0,1,10.034933705213472,1.0
803,10.15379314696788,0.0,1.0,1,10.15379314696788,1.0
804,9.45635769759728,0.0,1.0,1,9.45635769759728,1.0
805,10.395807967917953,0.0,1.0,1,10.395807967917953,1.0
806,10.156873028210873,0.0,1.0,1,10.156873028210873,1.0
807,10.515921369350092,0.0,1.0,1,10.515921369350092,1.0
808,8.637222114639814,0.0,1.0,1,8.637222114639814,1.0
809,10.276197863771669,0.0,1.0,1,10.276197863771669,1.0
810,10.156145863052782,0.0,1.0,1,10.156145863052782,1.0
811,10.396427522165679,0.0,1.0,1,10.396427522165679,1.0
812,9.08864327150911,0.0,1.0,1,9.08864327150911,1.0
813,10.392580686695279,0.0,1.0,1,10.392580686695279,1.0
814,10.408805000379967,0.0,1.0,1,10.408805000379967,1.0
815,10.391704779704808,0.0,1.0,1,10.391704779704808,1.0
816,10.393500524959435,0.0,1.0,1,10.393500524959435,1.0
817,9.798080544767782,0.0,1.0,1,9.798080544767782,1.0
818,10.393202819493279,0.0,1.0,1,10.393202819493279,1.0
819,10.275230646530655,0.0,1.0,1,10.275230646530655,1.0
820,10.514317785620138,0.0,1.0,1,10.514317785620138,1.0
821,10.154592317694224,0.0,1.0,1,10.154592317694224,1.0
822,10.754605601317957,0.0,1.0,1,10.754605601317957,1.0
823,9.421874022379978,0.0,1.0,1,9.421874022379978,1.0
824,9.685475098748723,0.0,1.0,1,9.685475098748723,1.0
825,10.639957183634634,0.0,1.0,1,10.639957183634634,1.0
826,10.752214705696403,0.0,1.0,1,10.752214705696403,1.0
827,10.162910525403156,0.0,1.0,1,10.162910525403156,1.0
828,10.155064148449975,0.0,1.0,1,10.155064148449975,1.0
829,10.875,0.0,1.0,1,10.875,1.0
830,8.771687588328206,0.0,1.0,1,8.771687588328206,1.0
831,10.395820802976283,0.0,1.0,1,10.395820802976283,1.0
832,10.516223429641324,0.0,1.0,1,10.516223429641324,1.0
833,9.808077844774274,0.0,1.0,1,9.808077844774274,1.0
834,10.391447137412753,0.0,1.0,1,10.391447137412753,1.0
835,10.278111266310088,0.0,1.0,1,10.278111266310088,1.0
836,10.278283428698405,0.0,1.0,1,10.278283428698405,1.0
837,9.68963987473904,0.0,1.0,1,9.68963987473904,1.0
838,10.392712097335727,0.0,1.0,1,10.392712097335727,1.0
839,9.923902507146847,0.0,1.0,1,9.923902507146847,1.0
840,9.916879866518354,0.0,1.0,1,9.916879866518354,1.0
841,10.397690238538319,0.0,1.0,1,10.397690238538319,1.0
842,10.27440670010854,0.0,1.0,1,10.27440670010854,1.0
843,9.562941505424448,0.0,1.0,1,9.562941505424448,1.0
844,9.930395862301438,0.0,1.0,1,9.930395862301438,1.0
845,10.516198119949426,0.0,1.0,1,10.516198119949426,1.0
846,10.281391160220995,0.0,1.0,1,10.281391160220995,1.0
847,9.416253332656222,0.0,1.0,1,9.416253332656222,1.0
848,10.272964563526362,0.0,1.0,1,10.272964563526362,1.0
849,9.813483453067953,0.0,1.0,1,9.813483453067953,1.0
850,10.156140682775819,0.0,1.0,1,10.156140682775819,1.0
851,10.276633914297967,0.0,1.0,1,10.276633914297967,1.0
852,10.158434685957575,0.0,1.0,1,10.158434685957575,1.0
853,9.573790797217764,0.0,1.0,1,9.573790797217764,1.0
854,10.51566044601549,0.0,1.0,1,10.51566044601549,1.0
855,10.75423076923077,0.0,1.0,1,10.75423076923077,1.0
856,8.97261038696018,0.0,1.0,1,8.97261038696018,1.0
857,10.397071557537123,0.0,1.0,1,10.397071557537123,1.0
858,10.034181771764105,0.0,1.0,1,10.034181771764105,1.0
859,10.27668700265252,0.0,1.0,1,10.27668700265252,1.0
860,9.943768835550785,0.0,1.0,1,9.943768835550785,1.0
861,10.276580007087402,0.0,1.0,1,10.276580007087402,1.0
862,10.39517493264524,0.0,1.0,1,10.39517493264524,1.0
863,10.27555547326322,0.0,1.0,1,10.27555547326322,1.0
864,10.635526634749409,0.0,1.0,1,10.635526634749409,1.0
865,10.3933599189213,0.0,1.0,1,10.3933599189213,1.0
866,10.755819114311077,0.0,1.0,1,10.755819114311077,1.0
867,10.754979253112033,0.0,1.0,1,10.754979253112033,1.0
868,10.395625312447926,0.0,1.0,1,10.395625312447926,1.0
869,9.797400743904118,0.0,1.0,1,9.797400743904118,1.0
870,10.394644973288004,0.0,1.0,1,10.394644973288004,1.0
871,10.394529541258345,0.0,1.0,1,10.394529541258345,1.0
872,9.713337525799794,0.0,1.0,1,9.713337525799794,1.0
873,10.272573813065732,0.0,1.0,1,10.272573813065732,1.0
874,9.01869942686129,0.0,1.0,1,9.01869942686129,1.0
875,10.515,0.0,1.0,1,10.515,1.0
876,9.915493805739668,0.0,1.0,1,9.915493805739668,1.0
877,9.818482052872316,0.0,1.0,1,9.818482052872316,1.0
878,10.157279682982754,0.0,1.0,1,10.157279682982754,1.0
879,8.853231607176268,0.0,1.0,1,8.853231607176268,1.0
880,10.518978185305047,0.0,1.0,1,10.518978185305047,1.0
881,10.637128270042194,0.0,1.0,1,10.637128270042194,1.0
882,9.925574132619975,0.0,1.0,1,9.925574132619975,1.0
883,10.398220688143764,0.0,1.0,1,10.398220688143764,1.0
884,10.755878213413759,0.0,1.0,1,10.755878213413759,1.0
885,10.512179328752904,0.0,1.0,1,10.512179328752904,1.0
886,9.520869733781339,0.0,1.0,1,9.520869733781339,1.0
887,9.321283242364418,0.0,1.0,1,9.321283242364418,1.0
888,9.92254724853959,0.0,1.0,1,9.92254724853959,1.0
889,9.580186572066745,0.0,1.0,1,9.580186572066745,1.0
890,9.341727763732475,0.0,1.0,1,9.341727763732475,1.0
891,10.274633192686357,0.0,1.0,1,10.274633192686357,1.0
892,9.922852826673672,0.0,1.0,1,9.922852826673672,1.0
893,10.274312917696603,0.0,1.0,1,10.274312917696603,1.0
894,10.875,0.0,1.0,1,10.875,1.0
895,9.813651422285085,0.0,1.0,1,9.813651422285085,1.0
896,10.039689673622258,0.0,1.0,1,10.039689673622258,1.0
897,9.324990356178475,0.0,1.0,1,9.324990356178475,1.0
898,10.394113411691446,0.0,1.0,1,10.394113411691446,1.0
899,10.39459785428792,0.0,1.0,1,10.39459785428792,1.0
900,10.668063333333334,0.0,1.0,1,10.668063333333334,1.0
901,10.27749790293589,0.0,1.0,1,10.27749790293589,1.0
902,10.51686919903747,0.0,1.0,1,10.51686919903747,1.0
903,10.63627711854249,0.0,1.0,1,10.63627711854249,1.0
904,10.277907859259013,0.0,1.0,1,10.277907859259013,1.0
905,10.168916734961481,0.0,1.0,1,10.168916734961481,1.0
906,10.51470324040189,0.0,1.0,1,10.51470324040189,1.0
907,10.281873127753304,0.0,1.0,1,10.281873127753304,1.0
908,9.31989444936522,0.0,1.0,1,9.31989444936522,1.0
909,10.756075806311397,0.0,1.0,1,10.756075806311397,1.0
910,10.042084482948903,0.0,1.0,1,10.042084482948903,1.0
911,10.155454483199415,0.0,1.0,1,10.155454483199415,1.0
912,8.649222190584663,0.0,1.0,1,8.649222190584663,1.0
913,10.755819114311077,0.0,1.0,1,10.755819114311077,1.0
914,10.158223594725886,0.0,1.0,1,10.158223594725886,1.0
915,10.03822195928685,0.0,1.0,1,10.03822195928685,1.0
916,10.156140682775819,0.0,1.0,1,10.156140682775819,1.0
917,10.396696037882876,0.0,1.0,1,10.396696037882876,1.0
918,9.946213021989829,0.0,1.0,1,9.946213021989829,1.0
919,10.272627413042521,0.0,1.0,1,10.272627413042521,1.0
920,10.396356824392349,0.0,1.0,1,10.396356824392349,1.0
921,10.634219789446488,0.0,1.0,1,10.634219789446488,1.0
922,10.875,0.0,1.0,1,10.875,1.0
923,10.516668953452475,0.0,1.0,1,10.516668953452475,1.0
924,9.826382219338093,0.0,1.0,1,9.826382219338093,1.0
925,10.280736596489367,0.0,1.0,1,10.280736596489367,1.0
926,9.941390957446808,0.0,1.0,1,9.941390957446808,1.0
927,10.398887957449269,0.0,1.0,1,10.398887957449269,1.0
928,9.016590202624913,0.0,1.0,1,9.016590202624913,1.0
929,10.159623907527488,0.0,1.0,1,10.159623907527488,1.0
930,10.396690192558745,0.0,1.0,1,10.396690192558745,1.0
931,10.395106627482008,0.0,1.0,1,10.395106627482008,1.0
932,10.15892303492154,0.0,1.0,1,10.15892303492154,1.0
933,6.006848985659322,0.0,1.0,1,6.006848985659322,1.0
934,9.810085170094743,0.0,1.0,1,9.810085170094743,1.0
935,9.681293746414228,0.0,1.0,1,9.681293746414228,1.0
936,10.516258920179622,0.0,1.0,1,10.516258920179622,1.0
937,10.511553154284176,0.0,1.0,1,10.511553154284176,1.0
938,10.514791077456437,0.0,1.0,1,10.514791077456437,1.0
939,10.160632693254554,0.0,1.0,1,10.160632693254554,1.0
940,10.151692675486197,0.0,1.0,1,10.151692675486197,1.0
941,10.516399361334681,0.0,1.0,1,10.516399361334681,1.0
942,10.157786056841225,0.0,1.0,1,10.157786056841225,1.0
943,10.269010251832617,0.0,1.0,1,10.269010251832617,1.0
944,10.278595014683763,0.0,1.0,1,10.278595014683763,1.0
945,10.156981981981982,0.0,1.0,1,10.156981981981982,1.0
946,10.756039099963115,0.0,1.0,1,10.756039099963115,1.0
947,10.523444816053512,0.0,1.0,1,10.523444816053512,1.0
948,9.447525964391692,0.0,1.0,1,9.447525964391692,1.0
949,10.27888905347356,0.0,1.0,1,10.27888905347356,1.0
950,10.03298934865716,0.0,1.0,1,10.03298934865716,1.0
951,10.755384707145414,0.0,1.0,1,10.755384707145414,1.0
952,10.395983166128211,0.0,1.0,1,10.395983166128211,1.0
953,10.394869593130567,0.0,1.0,1,10.394869593130567,1.0
954,10.287113398845733,0.0,1.0,1,10.287113398845733,1.0
955,10.392186324657741,0.0,1.0,1,10.392186324657741,1.0
956,9.797481177107425,0.0,1.0,1,9.797481177107425,1.0
957,10.1517852692192,0.0,1.0,1,10.1517852692192,1.0
958,10.038554928749031,0.0,1.0,1,10.038554928749031,1.0
959,10.634825055419087,0.0,1.0,1,10.634825055419087,1.0
960,10.754275138121548,0.0,1.0,1,10.754275138121548,1.0
961,10.392435631098522,0.0,1.0,1,10.392435631098522,1.0
962,10.157705029320855,0.0,1.0,1,10.157705029320855,1.0
963,9.920021585952354,0.0,1.0,1,9.920021585952354,1.0
964,9.919671289564924,0.0,1.0,1,9.919671289564924,1.0
965,10.397616484184915,0.0,1.0,1,10.397616484184915,1.0
966,10.635602988611678,0.0,1.0,1,10.635602988611678,1.0
967,10.661718610066274,0.0,1.0,1,10.661718610066274,1.0
968,10.399303686477833,0.0,1.0,1,10.399303686477833,1.0
969,10.274623346113783,0.0,1.0,1,10.274623346113783,1.0
970,10.273045730208162,0.0,1.0,1,10.273045730208162,1.0
971,10.395084797481772,0.0,1.0,1,10.395084797481772,1.0
972,9.577198254856002,0.0,1.0,1,9.577198254856002,1.0
973,10.034975885929965,0.0,1.0,1,10.034975885929965,1.0
974,9.336113014350424,0.0,1.0,1,9.336113014350424,1.0
975,8.640203800728177,0.0,1.0,1,8.640203800728177,1.0
976,10.27738418377134,0.0,1.0,1,10.27738418377134,1.0
977,10.273465104300797,0.0,1.0,1,10.273465104300797,1.0
978,9.922149205717508,0.0,1.0,1,9.922149205717508,1.0
979,10.276194991490396,0.0,1.0,1,10.276194991490396,1.0
980,10.058096047365824,0.0,1.0,1,10.058096047365824,1.0
981,10.635662714563795,0.0,1.0,1,10.635662714563795,1.0
982,9.686248788955272,0.0,1.0,1,9.686248788955272,1.0
983,10.755,0.0,1.0,1,10.755,1.0
984,10.040699907167635,0.0,1.0,1,10.040699907167635,1.0
985,9.817723403208346,0.0,1.0,1,9.817723403208346,1.0
986,10.152846734187682,0.0,1.0,1,10.152846734187682,1.0
987,10.15278787306894,0.0,1.0,1,10.15278787306894,1.0
988,9.920800569648893,0.0,1.0,1,9.920800569648893,1.0
989,9.918867738399706,0.0,1.0,1,9.918867738399706,1.0
990,10.276356638261475,0.0,1.0,1,10.276356638261475,1.0
991,10.875,0.0,1.0,1,10.875,1.0
992,10.15575847870842,0.0,1.0,1,10.15575847870842,1.0
993,10.164281829471971,0.0,1.0,1,10.164281829471971,1.0
994,10.040060660932548,0.0,1.0,1,10.040060660932548,1.0
995,10.152853109896563,0.0,1.0,1,10.152853109896563,1.0
996,10.397111012123796,0.0,1.0,1,10.397111012123796,1.0
997,9.36760062286314,0.0,1.0,1,9.36760062286314,1.0
998,10.042904926891982,0.0,1.0,1,10.042904926891982,1.0
999,10.392580686695279,0.0,1.0,1,10.392580686695279,1.0
1000,10.41257375022081,0.0,1.0,1,10.41257375022081,1.0
