id,guid,name,x,y,z,area,type,floor,floor_elev,floor_guid,risk,capacity
0,0ztdC3L1HAzhbhMHypqbH5,1AC1,-9.96,30.409,2.285,139.75,room,First Floor,-0.0,3eM8WbY_59RR5TDWs3wwJP,0.05,13
1,0ztdC3L1HAzhbhMHypqcY9,1DC1,-34.267,32.206,2.285,182.28,room,First Floor,-0.0,3eM8WbY_59RR5TDWs3wwJP,0.05,18
2,0_IXpwL5b29BZ7C0XgKBsS,2R02,-35.98,28.07,6.57,589.76,room,Second Floor,4.57,3eM8WbY_59RR5TDWs3wwJN,0.05,58
3,0ztdC3L1HAzhbhMHypqcQh,1EC1,-36.002,11.133,1.4,54.68,corridor,First Floor,-0.0,3eM8WbY_59RR5TDWs3wwJP,0.1,5
4,0ClPCUC7jCQRnj1dhupHXo,2D05,-40.332,30.019,5.97,231.11,room,Second Floor,4.57,3eM8WbY_59RR5TDWs3wwJN,0.05,23
5,0uLn6BSvvEB8kgChiujNr0,2AC3,-12.905,45.428,5.97,27.09,corridor,Second Floor,4.57,3eM8WbY_59RR5TDWs3wwJN,0.1,2
6,0ztdC3L1HAzhbhMHypqcOk,1BC2,-7.935,20.15,1.4,29.44,corridor,First Floor,-0.0,3eM8WbY_59RR5TDWs3wwJP,0.1,2
7,0ClPCUC7jCQRnj1dhupHXA,2D18,-34.525,16.512,5.97,84.8,office,Second Floor,4.57,3eM8WbY_59RR5TDWs3wwJN,0.05,8
8,0ztdC3L1HAzhbhMHypqcqu,1CC1,-30.797,47.516,1.4,42.65,corridor,First Floor,-0.0,3eM8WbY_59RR5TDWs3wwJP,0.1,4
9,0ztdC3L1HAzhbhMHypqdhw,1A16,-10.18,42.553,1.4,67.55,room,First Floor,-0.0,3eM8WbY_59RR5TDWs3wwJP,0.05,6
10,0ztdC3L1HAzhbhMHypqcaZ,1DC3,-30.55,39.479,1.4,31.81,corridor,First Floor,-0.0,3eM8WbY_59RR5TDWs3wwJP,0.1,3
11,0ztdC3L1HAzhbhMHypqc04,1C18,-46.275,49.002,1.4,58.03,room,First Floor,-0.0,3eM8WbY_59RR5TDWs3wwJP,0.05,5
12,0ztdC3L1HAzhbhMHypqcV7,1B04,-3.171,19.698,1.4,53.59,room,First Floor,-0.0,3eM8WbY_59RR5TDWs3wwJP,0.05,5
13,0ztdC3L1HAzhbhMHypqcOe,1BC4,-18.145,17.805,1.4,44.36,corridor,First Floor,-0.0,3eM8WbY_59RR5TDWs3wwJP,0.1,4
14,0ClPCUC7jCQRnj1dhupMRn,2BC3,-9.585,13.765,5.97,26.8,corridor,Second Floor,4.57,3eM8WbY_59RR5TDWs3wwJN,0.1,2
15,0ClPCUC7jCQRnj1dhupMRt,2BC5,-7.348,23.043,5.97,22.74,corridor,Second Floor,4.57,3eM8WbY_59RR5TDWs3wwJN,0.1,2
16,0ztdC3L1HAzhbhMHypqc7Y,1E24,-32.372,5.025,1.4,118.3,storage,First Floor,-0.0,3eM8WbY_59RR5TDWs3wwJP,0.2,11
17,1KgZQG_2r6VuMR28$3QMLM,2AC1,-17.243,32.329,6.91,39.56,corridor,Second Floor,4.57,3eM8WbY_59RR5TDWs3wwJN,0.1,3
18,0ztdC3L1HAzhbhMHypqcqk,1CC3,-39.084,52.574,1.4,11.5,corridor,First Floor,-0.0,3eM8WbY_59RR5TDWs3wwJP,0.1,1
19,0ztdC3L1HAzhbhMHypqcAu,1D16,-46.275,41.585,1.4,67.83,room,First Floor,-0.0,3eM8WbY_59RR5TDWs3wwJP,0.05,6
20,0ztdC3L1HAzhbhMHypqc1b,1DC7,-30.55,24.075,1.4,31.91,corridor,First Floor,-0.0,3eM8WbY_59RR5TDWs3wwJP,0.1,3
21,0ClPCUC7jCQRnj1dhupMRy,2BC2,-18.33,16.389,5.97,29.51,corridor,Second Floor,4.57,3eM8WbY_59RR5TDWs3wwJN,0.1,2
22,0ztdC3L1HAzhbhMHypqc7A,1E16,-49.617,5.025,1.4,49.6,office,First Floor,-0.0,3eM8WbY_59RR5TDWs3wwJP,0.05,4
23,0uLn6BSvvEB8kgChiujNHe,2A11,-13.101,39.877,5.97,33.48,room,Second Floor,4.57,3eM8WbY_59RR5TDWs3wwJN,0.05,3
24,0ClPCUC7jCQRnj1dhupHdk,2CC3,-31.887,45.899,5.97,17.25,corridor,Second Floor,4.57,3eM8WbY_59RR5TDWs3wwJN,0.1,1
25,0ztdC3L1HAzhbhMHypqchj,1AC5,-3.701,42.373,1.4,20.38,corridor,First Floor,-0.0,3eM8WbY_59RR5TDWs3wwJP,0.1,2
26,0ClPCUC7jCQRnj1dhupMO2,2DC2,-32.489,26.541,5.97,30.11,corridor,Second Floor,4.57,3eM8WbY_59RR5TDWs3wwJN,0.1,3
27,0ztdC3L1HAzhbhMHypqchZ,1AC3,-19.588,46.062,1.4,16.29,corridor,First Floor,-0.0,3eM8WbY_59RR5TDWs3wwJP,0.1,1
28,0ztdC3L1HAzhbhMHypqc9V,1D25,-46.284,21.805,1.4,67.82,room,First Floor,-0.0,3eM8WbY_59RR5TDWs3wwJP,0.05,6
29,0ztdC3L1HAzhbhMHypqc1c,1DC6,-39.575,20.874,1.4,15.01,corridor,First Floor,-0.0,3eM8WbY_59RR5TDWs3wwJP,0.1,1
30,0ClPCUC7jCQRnj1dhupHcN,2CC2,-23.445,45.93,5.97,13.37,corridor,Second Floor,4.57,3eM8WbY_59RR5TDWs3wwJN,0.1,1
31,0ClPCUC7jCQRnj1dhupHsC,2C17,-45.242,42.636,5.97,30.56,room,Second Floor,4.57,3eM8WbY_59RR5TDWs3wwJN,0.05,3
32,0uLn6BSvvEB8kgChiujNGP,2AC4,-5.125,42.88,5.97,14.32,corridor,Second Floor,4.57,3eM8WbY_59RR5TDWs3wwJN,0.1,1
33,0ClPCUC7jCQRnj1dhupMRO,2B3,-4.372,27.227,5.97,24.55,room,Second Floor,4.57,3eM8WbY_59RR5TDWs3wwJN,0.05,2
34,0ClPCUC7jCQRnj1dhupHsk,2C07,-28.53,41.132,5.97,18.24,toilet,Second Floor,4.57,3eM8WbY_59RR5TDWs3wwJN,0.05,1
35,0ztdC3L1HAzhbhMHypqcak,1DC4,-39.567,40.666,1.4,15.06,corridor,First Floor,-0.0,3eM8WbY_59RR5TDWs3wwJP,0.1,1
36,0ClPCUC7jCQRnj1dhupHdj,2CC1,-32.465,39.951,5.97,18.81,corridor,Second Floor,4.57,3eM8WbY_59RR5TDWs3wwJN,0.1,1
37,0ClPCUC7jCQRnj1dhupMQD,2AC1-A,-9.314,31.7,5.97,67.41,room,Second Floor,4.57,3eM8WbY_59RR5TDWs3wwJN,0.05,6
38,0ztdC3L1HAzhbhMHypqc0h,1E06,-28.685,15.332,1.4,37.38,office,First Floor,-0.0,3eM8WbY_59RR5TDWs3wwJP,0.05,3
39,0ClPCUC7jCQRnj1dhupHdZ,2CC4,-37.775,47.469,5.97,10.85,corridor,Second Floor,4.57,3eM8WbY_59RR5TDWs3wwJN,0.1,1
40,0ClPCUC7jCQRnj1dhupMQE,2AC1-B,-25.211,31.7,6.91,75.81,room,Second Floor,4.57,3eM8WbY_59RR5TDWs3wwJN,0.05,7
41,0ClPCUC7jCQRnj1dhupHsZ,2C08,-30.305,41.132,5.97,15.73,toilet,Second Floor,4.57,3eM8WbY_59RR5TDWs3wwJN,0.05,1
42,0ztdC3L1HAzhbhMHypqcZa,1A02,-1.464,39.447,1.4,27.69,room,First Floor,-0.0,3eM8WbY_59RR5TDWs3wwJP,0.05,2
43,0ztdC3L1HAzhbhMHypqcB0,1C07,-23.62,46.429,1.4,17.57,room,First Floor,-0.0,3eM8WbY_59RR5TDWs3wwJP,0.05,1
44,0ztdC3L1HAzhbhMHypqcVI,1B01,-5.625,27.306,1.4,9.48,hall,First Floor,-0.0,3eM8WbY_59RR5TDWs3wwJP,0.1,1
45,0ztdC3L1HAzhbhMHypqcVw,1B13,-12.375,25.94,1.4,22.59,hall,First Floor,-0.0,3eM8WbY_59RR5TDWs3wwJP,0.1,2
46,0ClPCUC7jCQRnj1dhupHso,2C03,-24.94,39.877,5.97,33.49,room,Second Floor,4.57,3eM8WbY_59RR5TDWs3wwJN,0.05,3
47,0ClPCUC7jCQRnj1dhupHXn,2D04,-25.568,24.922,5.97,20.7,room,Second Floor,4.57,3eM8WbY_59RR5TDWs3wwJN,0.05,2
48,0ClPCUC7jCQRnj1dhupMRo,2BC4,-4.345,17.901,5.97,12.48,corridor,Second Floor,4.57,3eM8WbY_59RR5TDWs3wwJN,0.1,1
49,0ztdC3L1HAzhbhMHypqc9M,1D22,-50.049,31.695,1.4,24.24,room,First Floor,-0.0,3eM8WbY_59RR5TDWs3wwJP,0.05,2
50,0ztdC3L1HAzhbhMHypqcha,1AC2,-17.743,38.583,1.4,19.6,corridor,First Floor,-0.0,3eM8WbY_59RR5TDWs3wwJP,0.1,1
51,0ztdC3L1HAzhbhMHypqc0q,1CS3,-36.95,53.158,1.4,13.91,stair,First Floor,-0.0,3eM8WbY_59RR5TDWs3wwJP,0.15,1
52,0uLn6BSvvEB8kgChiujNr3,2AC2,-19.93,40.557,5.97,15.02,corridor,Second Floor,4.57,3eM8WbY_59RR5TDWs3wwJN,0.1,1
53,0uLn6BSvvEB8kgChiujNGA,2A01,-2.017,36.914,5.97,26.33,room,Second Floor,4.57,3eM8WbY_59RR5TDWs3wwJN,0.05,2
54,1gvYwVnFXA491$ELl$CPOU,2CC5,-41.28,45.947,6.57,8.13,corridor,Second Floor,4.57,3eM8WbY_59RR5TDWs3wwJN,0.1,1
55,0ClPCUC7jCQRnj1dhupMOD,2DC1,-25.72,20.299,5.97,21.55,corridor,Second Floor,4.57,3eM8WbY_59RR5TDWs3wwJN,0.1,2
56,0uLn6BSvvEB8kgChiujNI6,2A14,-8.05,37.127,5.97,32.84,room,Second Floor,4.57,3eM8WbY_59RR5TDWs3wwJN,0.05,3
57,0ztdC3L1HAzhbhMHypqc8k,1D40,-22.268,25.44,1.4,16.55,room,First Floor,-0.0,3eM8WbY_59RR5TDWs3wwJP,0.05,1
58,0ztdC3L1HAzhbhMHypqcYS,1A10,-12.672,45.724,1.4,10.27,room,First Floor,-0.0,3eM8WbY_59RR5TDWs3wwJP,0.05,1
59,0ClPCUC7jCQRnj1dhupHsV,2C12,-38.54,43.206,5.97,14.37,room,Second Floor,4.57,3eM8WbY_59RR5TDWs3wwJN,0.05,1
60,0ztdC3L1HAzhbhMHypqcBA,1C09,-33.67,54.448,1.4,14.93,room,First Floor,-0.0,3eM8WbY_59RR5TDWs3wwJP,0.05,1
61,0ztdC3L1HAzhbhMHypqc7F,1E15,-49.622,15.313,1.4,28.91,room,First Floor,-0.0,3eM8WbY_59RR5TDWs3wwJP,0.05,2
62,0ztdC3L1HAzhbhMHypqc7p,1E19,-45.705,8.736,1.4,9.63,room,First Floor,-0.0,3eM8WbY_59RR5TDWs3wwJP,0.05,1
63,0ztdC3L1HAzhbhMHypqc7d,1E23,-40.148,8.981,1.4,8.78,storage,First Floor,-0.0,3eM8WbY_59RR5TDWs3wwJP,0.2,1
64,0ztdC3L1HAzhbhMHypqcPS,1EC4,-43.113,8.103,1.4,9.31,corridor,First Floor,-0.0,3eM8WbY_59RR5TDWs3wwJP,0.1,1
65,0ClPCUC7jCQRnj1dhupHXa,2D11,-45.112,11.754,5.97,15.86,office,Second Floor,4.57,3eM8WbY_59RR5TDWs3wwJN,0.05,1
66,0ClPCUC7jCQRnj1dhupMQQ,2B25,-7.225,19.129,5.97,7.46,room,Second Floor,4.57,3eM8WbY_59RR5TDWs3wwJN,0.05,1
67,0ztdC3L1HAzhbhMHypqcVr,1B10,-6.243,11.966,1.4,10.28,room,First Floor,-0.0,3eM8WbY_59RR5TDWs3wwJP,0.05,1
68,0uLn6BSvvEB8kgChiujNHI,2A13,-7.117,43.149,5.97,7.56,room,Second Floor,4.57,3eM8WbY_59RR5TDWs3wwJN,0.05,1
69,0uLn6BSvvEB8kgChiujNHL,2A12,-10.025,43.149,5.97,11.22,room,Second Floor,4.57,3eM8WbY_59RR5TDWs3wwJN,0.05,1
70,0ztdC3L1HAzhbhMHypqchk,1AC4,-15.423,43.135,1.4,9.55,corridor,First Floor,-0.0,3eM8WbY_59RR5TDWs3wwJP,0.1,1
71,0ClPCUC7jCQRnj1dhupHs7,2C22,-29.318,36.027,5.97,11.16,room,Second Floor,4.57,3eM8WbY_59RR5TDWs3wwJN,0.05,1
72,0ztdC3L1HAzhbhMHypqcAO,1D11,-33.903,42.745,1.4,12.7,room,First Floor,-0.0,3eM8WbY_59RR5TDWs3wwJP,0.05,1
73,0uLn6BSvvEB8kgChiujNHw,2A05,-5.913,48.51,5.97,11.33,room,Second Floor,4.57,3eM8WbY_59RR5TDWs3wwJN,0.05,1
74,0ztdC3L1HAzhbhMHypqcYN,1A07,-5.905,48.738,1.4,8.73,office,First Floor,-0.0,3eM8WbY_59RR5TDWs3wwJP,0.05,1
75,0ztdC3L1HAzhbhMHypqcaa,1DC2,-25.225,37.215,1.4,6.35,corridor,First Floor,-0.0,3eM8WbY_59RR5TDWs3wwJP,0.1,1
76,0ztdC3L1HAzhbhMHypqc1W,1DC8,-25.225,26.176,1.4,6.29,corridor,First Floor,-0.0,3eM8WbY_59RR5TDWs3wwJP,0.1,1
77,0ztdC3L1HAzhbhMHypqcOd,1BC1,-2.815,26.03,1.4,5.69,corridor,First Floor,-0.0,3eM8WbY_59RR5TDWs3wwJP,0.1,1
78,0ztdC3L1HAzhbhMHypqcTs,1B19,-12.375,17.05,1.4,29.91,room,First Floor,-0.0,3eM8WbY_59RR5TDWs3wwJP,0.05,2
79,0ClPCUC7jCQRnj1dhupHXZ,2D10,-45.112,15.797,5.97,16.63,room,Second Floor,4.57,3eM8WbY_59RR5TDWs3wwJN,0.05,1
80,0ClPCUC7jCQRnj1dhupHXK,2D16,-39.655,11.754,5.97,9.75,room,Second Floor,4.57,3eM8WbY_59RR5TDWs3wwJN,0.05,1
81,0ClPCUC7jCQRnj1dhupMRk,2B01,-1.627,21.944,5.97,9.36,office,Second Floor,4.57,3eM8WbY_59RR5TDWs3wwJN,0.05,1
82,0ClPCUC7jCQRnj1dhupMR0,2B11,-13.9,26.496,5.97,10.11,room,Second Floor,4.57,3eM8WbY_59RR5TDWs3wwJN,0.05,1
83,0ClPCUC7jCQRnj1dhupMQt,2B18,-6.598,11.291,5.97,9.52,room,Second Floor,4.57,3eM8WbY_59RR5TDWs3wwJN,0.05,1
84,0_IXpwL5b29BZ7C0XgKBsG,2R01,-30.729,53.361,6.57,52.87,room,Second Floor,4.57,3eM8WbY_59RR5TDWs3wwJN,0.05,5
85,0ztdC3L1HAzhbhMHypqc7Q,1E11,-36.735,16.725,1.4,14.59,room,First Floor,-0.0,3eM8WbY_59RR5TDWs3wwJP,0.05,1
86,0ztdC3L1HAzhbhMHypqcAK,1D07,-27.563,42.745,1.4,12.57,room,First Floor,-0.0,3eM8WbY_59RR5TDWs3wwJP,0.05,1
87,0ztdC3L1HAzhbhMHypqc9s,1D32,-33.937,20.645,1.4,12.75,room,First Floor,-0.0,3eM8WbY_59RR5TDWs3wwJP,0.05,1
88,0ztdC3L1HAzhbhMHypqcAY,1D18,-41.862,38.764,1.4,8.26,toilet,First Floor,-0.0,3eM8WbY_59RR5TDWs3wwJP,0.05,1
89,0ztdC3L1HAzhbhMHypqcVT,1B02,-0.861,26.81,1.4,5.55,toilet,First Floor,-0.0,3eM8WbY_59RR5TDWs3wwJP,0.05,1
90,0ztdC3L1HAzhbhMHypqcYF,1A15,-13.94,36.408,1.4,6.4,room,First Floor,-0.0,3eM8WbY_59RR5TDWs3wwJP,0.05,1
91,0ztdC3L1HAzhbhMHypqcqZ,1CC2,-30.745,52.073,1.4,8.23,corridor,First Floor,-0.0,3eM8WbY_59RR5TDWs3wwJP,0.1,1
92,0ztdC3L1HAzhbhMHypqcBK,1C02,-33.782,46.428,1.4,9.32,hall,First Floor,-0.0,3eM8WbY_59RR5TDWs3wwJP,0.1,1
93,0ztdC3L1HAzhbhMHypqcB9,1C10,-27.262,46.428,1.4,18.25,room,First Floor,-0.0,3eM8WbY_59RR5TDWs3wwJP,0.05,1
94,0ztdC3L1HAzhbhMHypqcAh,1D21,-49.334,36.605,1.4,19.19,room,First Floor,-0.0,3eM8WbY_59RR5TDWs3wwJP,0.05,1
95,0ztdC3L1HAzhbhMHypqc9L,1D23,-49.334,26.785,1.4,19.19,room,First Floor,-0.0,3eM8WbY_59RR5TDWs3wwJP,0.05,1
96,0ztdC3L1HAzhbhMHypqc7L,1E08,-33.172,17.105,1.4,9.86,room,First Floor,-0.0,3eM8WbY_59RR5TDWs3wwJP,0.05,1
97,0ztdC3L1HAzhbhMHypqc7q,1E18,-45.705,4.963,1.4,15.55,room,First Floor,-0.0,3eM8WbY_59RR5TDWs3wwJP,0.05,1
98,0ztdC3L1HAzhbhMHypqc7i,1E26,-22.999,4.407,1.4,19.71,office,First Floor,-0.0,3eM8WbY_59RR5TDWs3wwJP,0.05,1
99,0ztdC3L1HAzhbhMHypqc6V,1E33,-41.954,16.293,1.4,13.35,room,First Floor,-0.0,3eM8WbY_59RR5TDWs3wwJP,0.05,1
100,0ztdC3L1HAzhbhMHypqcOj,1BC3,-12.923,13.635,1.4,13.44,corridor,First Floor,-0.0,3eM8WbY_59RR5TDWs3wwJP,0.1,1
101,0ztdC3L1HAzhbhMHypqcVO,1B03,-5.625,24.712,1.4,9.68,room,First Floor,-0.0,3eM8WbY_59RR5TDWs3wwJP,0.05,1
102,0ClPCUC7jCQRnj1dhupHsM,2C15,-42.038,43.376,5.97,9.58,room,Second Floor,4.57,3eM8WbY_59RR5TDWs3wwJN,0.05,1
103,0ClPCUC7jCQRnj1dhupHX0,2D20,-22.947,12.39,5.97,30.71,room,Second Floor,4.57,3eM8WbY_59RR5TDWs3wwJN,0.05,3
104,1gvYwVnFXA491$ELl$CPR0,2D21,-22.947,17.086,6.57,27.3,room,Second Floor,4.57,3eM8WbY_59RR5TDWs3wwJN,0.05,2
105,0ztdC3L1HAzhbhMHypqcBb,1D02,-22.268,36.595,1.4,11.53,room,First Floor,-0.0,3eM8WbY_59RR5TDWs3wwJP,0.05,1
106,0ztdC3L1HAzhbhMHypqcBg,1D05,-21.99,42.762,1.4,14.13,room,First Floor,-0.0,3eM8WbY_59RR5TDWs3wwJP,0.05,1
107,0ztdC3L1HAzhbhMHypqc8a,1D38,-23.12,20.645,1.4,23.26,room,First Floor,-0.0,3eM8WbY_59RR5TDWs3wwJP,0.05,2
108,0ztdC3L1HAzhbhMHypqc9B,1D31,-34.97,26.525,1.4,11.02,room,First Floor,-0.0,3eM8WbY_59RR5TDWs3wwJP,0.05,1
109,0ClPCUC7jCQRnj1dhupHsB,2C16,-45.484,48.558,5.97,11.16,room,Second Floor,4.57,3eM8WbY_59RR5TDWs3wwJN,0.05,1
110,0ClPCUC7jCQRnj1dhupHsL,2C14,-42.07,48.527,5.97,12.01,room,Second Floor,4.57,3eM8WbY_59RR5TDWs3wwJN,0.05,1
111,0ztdC3L1HAzhbhMHypqcY6,1A12,-16.318,45.597,1.4,9.91,toilet,First Floor,-0.0,3eM8WbY_59RR5TDWs3wwJP,0.05,1
112,0ztdC3L1HAzhbhMHypqcYH,1A09,-16.318,48.703,1.4,10.85,toilet,First Floor,-0.0,3eM8WbY_59RR5TDWs3wwJP,0.05,1
113,0ClPCUC7jCQRnj1dhupHXT,2D13,-42.038,12.399,5.97,4.74,toilet,Second Floor,4.57,3eM8WbY_59RR5TDWs3wwJN,0.05,1
114,0ztdC3L1HAzhbhMHypqcB6,1C05,-28.047,54.533,1.4,11.34,room,First Floor,-0.0,3eM8WbY_59RR5TDWs3wwJP,0.05,1
115,0ztdC3L1HAzhbhMHypqcBF,1C08,-33.67,51.252,1.4,9.82,room,First Floor,-0.0,3eM8WbY_59RR5TDWs3wwJP,0.05,1
116,0ztdC3L1HAzhbhMHypqcBw,1D01,-26.687,35.845,1.4,2.0,room,First Floor,-0.0,3eM8WbY_59RR5TDWs3wwJP,0.05,1
117,0ztdC3L1HAzhbhMHypqcA7,1D12,-34.842,36.865,1.4,10.21,room,First Floor,-0.0,3eM8WbY_59RR5TDWs3wwJP,0.05,1
118,0ztdC3L1HAzhbhMHypqcAX,1D19,-41.862,35.892,1.4,5.64,room,First Floor,-0.0,3eM8WbY_59RR5TDWs3wwJP,0.05,1
119,0ztdC3L1HAzhbhMHypqc9P,1D27,-41.87,26.573,1.4,10.75,office,First Floor,-0.0,3eM8WbY_59RR5TDWs3wwJP,0.05,1
120,0ztdC3L1HAzhbhMHypqc9r,1D33,-31.987,26.525,1.4,12.74,room,First Floor,-0.0,3eM8WbY_59RR5TDWs3wwJP,0.05,1
121,0ztdC3L1HAzhbhMHypqc8Z,1D39,-26.687,27.545,1.4,2.0,room,First Floor,-0.0,3eM8WbY_59RR5TDWs3wwJP,0.05,1
122,0ztdC3L1HAzhbhMHypqc0Q,1C16,-46.832,54.758,1.4,10.01,room,First Floor,-0.0,3eM8WbY_59RR5TDWs3wwJP,0.05,1
123,0ztdC3L1HAzhbhMHypqc7_,1E20,-40.076,1.178,1.4,8.95,room,First Floor,-0.0,3eM8WbY_59RR5TDWs3wwJP,0.05,1
124,0ztdC3L1HAzhbhMHypqc7X,1E25,-25.655,8.098,1.4,11.37,room,First Floor,-0.0,3eM8WbY_59RR5TDWs3wwJP,0.05,1
125,0ztdC3L1HAzhbhMHypqc6L,1E29,-21.167,8.098,1.4,11.03,office,First Floor,-0.0,3eM8WbY_59RR5TDWs3wwJP,0.05,1
126,0ztdC3L1HAzhbhMHypqcTB,1B17,-12.375,21.555,1.4,24.04,office,First Floor,-0.0,3eM8WbY_59RR5TDWs3wwJP,0.05,2
127,0uLn6BSvvEB8kgChiujNHp,2A02,-2.017,41.434,5.97,10.87,office,Second Floor,4.57,3eM8WbY_59RR5TDWs3wwJN,0.05,1
128,0ClPCUC7jCQRnj1dhupHXy,2D03,-22.181,27.357,5.97,9.41,room,Second Floor,4.57,3eM8WbY_59RR5TDWs3wwJN,0.05,1
129,0ClPCUC7jCQRnj1dhupHZb,2D04A,-29.276,24.922,5.97,33.55,room,Second Floor,4.57,3eM8WbY_59RR5TDWs3wwJN,0.05,3
130,0ClPCUC7jCQRnj1dhupMO7,2BC1,-18.33,25.334,5.97,12.82,corridor,Second Floor,4.57,3eM8WbY_59RR5TDWs3wwJN,0.1,1
131,0ClPCUC7jCQRnj1dhupMRe,2BC6,-14.858,24.329,5.97,8.58,corridor,Second Floor,4.57,3eM8WbY_59RR5TDWs3wwJN,0.1,1
132,0ClPCUC7jCQRnj1dhupMRF,2B10,-13.618,20.527,5.97,15.17,hall,Second Floor,4.57,3eM8WbY_59RR5TDWs3wwJN,0.1,1
133,0ClPCUC7jCQRnj1dhupMR6,2B13,-16.583,16.654,5.97,9.69,room,Second Floor,4.57,3eM8WbY_59RR5TDWs3wwJN,0.05,1
134,0ClPCUC7jCQRnj1dhupMQx,2B14,-14.125,16.714,5.97,10.55,storage,Second Floor,4.57,3eM8WbY_59RR5TDWs3wwJN,0.2,1
135,0ClPCUC7jCQRnj1dhupMQK,2CS3,-36.95,53.026,5.97,15.27,stair,Second Floor,4.57,3eM8WbY_59RR5TDWs3wwJN,0.15,1
136,0ztdC3L1HAzhbhMHypqcBf,1D06,-24.865,42.762,1.4,9.0,room,First Floor,-0.0,3eM8WbY_59RR5TDWs3wwJP,0.05,1
137,0ztdC3L1HAzhbhMHypqcA2,1D13,-37.073,42.745,1.4,12.83,room,First Floor,-0.0,3eM8WbY_59RR5TDWs3wwJP,0.05,1
138,0ztdC3L1HAzhbhMHypqc9w,1D36,-27.597,20.645,1.4,12.71,room,First Floor,-0.0,3eM8WbY_59RR5TDWs3wwJP,0.05,1
139,0ClPCUC7jCQRnj1dhupHst,2C04,-26.363,48.541,5.97,11.18,room,Second Floor,4.57,3eM8WbY_59RR5TDWs3wwJN,0.05,1
140,0ClPCUC7jCQRnj1dhupHsn,2C02,-22.953,48.51,5.97,12.0,room,Second Floor,4.57,3eM8WbY_59RR5TDWs3wwJN,0.05,1
141,0uLn6BSvvEB8kgChiujNHk,2A09,-19.56,48.51,5.97,11.31,room,Second Floor,4.57,3eM8WbY_59RR5TDWs3wwJN,0.05,1
142,0uLn6BSvvEB8kgChiujNHX,2A08,-16.167,48.51,5.97,11.75,room,Second Floor,4.57,3eM8WbY_59RR5TDWs3wwJN,0.05,1
143,0uLn6BSvvEB8kgChiujNHd,2A06,-9.335,48.51,5.97,12.09,room,Second Floor,4.57,3eM8WbY_59RR5TDWs3wwJN,0.05,1
144,0ClPCUC7jCQRnj1dhupHny,2C23,-21.79,36.862,5.97,8.66,toilet,Second Floor,4.57,3eM8WbY_59RR5TDWs3wwJN,0.05,1
145,0ztdC3L1HAzhbhMHypqcZz,1A01,-5.874,38.067,1.4,19.77,room,First Floor,-0.0,3eM8WbY_59RR5TDWs3wwJP,0.05,1
146,0ztdC3L1HAzhbhMHypqcZZ,1A03,-5.905,42.747,1.4,8.87,office,First Floor,-0.0,3eM8WbY_59RR5TDWs3wwJP,0.05,1
147,0ztdC3L1HAzhbhMHypqcZj,1A05,-5.905,45.707,1.4,9.0,office,First Floor,-0.0,3eM8WbY_59RR5TDWs3wwJP,0.05,1
148,0ztdC3L1HAzhbhMHypqcZe,1A06,-1.402,48.638,1.4,10.49,office,First Floor,-0.0,3eM8WbY_59RR5TDWs3wwJP,0.05,1
149,0ztdC3L1HAzhbhMHypqcqj,1C01,-36.968,46.49,1.4,11.86,room,First Floor,-0.0,3eM8WbY_59RR5TDWs3wwJP,0.05,1
150,0ztdC3L1HAzhbhMHypqcBR,1C04,-28.047,51.337,1.4,10.12,room,First Floor,-0.0,3eM8WbY_59RR5TDWs3wwJP,0.05,1
151,0ztdC3L1HAzhbhMHypqcAC,1D15,-37.416,35.837,1.4,5.07,room,First Floor,-0.0,3eM8WbY_59RR5TDWs3wwJP,0.05,1
152,0ztdC3L1HAzhbhMHypqcAi,1D20,-44.92,36.605,1.4,11.79,room,First Floor,-0.0,3eM8WbY_59RR5TDWs3wwJP,0.05,1
153,0ztdC3L1HAzhbhMHypqc93,1D30,-37.513,26.525,1.4,9.27,room,First Floor,-0.0,3eM8WbY_59RR5TDWs3wwJP,0.05,1
154,0ztdC3L1HAzhbhMHypqc0L,1C13,-41.859,46.967,1.4,11.9,room,First Floor,-0.0,3eM8WbY_59RR5TDWs3wwJP,0.05,1
155,0ztdC3L1HAzhbhMHypqcPH,1EC3,-39.575,14.335,1.4,8.75,corridor,First Floor,-0.0,3eM8WbY_59RR5TDWs3wwJP,0.1,1
156,0ztdC3L1HAzhbhMHypqcVs,1B09,-5.947,18.895,1.4,4.65,room,First Floor,-0.0,3eM8WbY_59RR5TDWs3wwJP,0.05,1
157,0ztdC3L1HAzhbhMHypqcTW,1BS2,-14.69,11.291,1.4,16.03,stair,First Floor,-0.0,3eM8WbY_59RR5TDWs3wwJP,0.15,1
158,0uLn6BSvvEB8kgChiujNHm,2A03,-2.017,44.529,5.97,16.01,office,Second Floor,4.57,3eM8WbY_59RR5TDWs3wwJN,0.05,1
159,0ClPCUC7jCQRnj1dhupHse,2C05,-25.8,44.204,5.97,3.69,room,Second Floor,4.57,3eM8WbY_59RR5TDWs3wwJN,0.05,1
160,0ClPCUC7jCQRnj1dhupHsG,2C13,-39.355,48.386,5.97,5.54,room,Second Floor,4.57,3eM8WbY_59RR5TDWs3wwJN,0.05,1
161,0ClPCUC7jCQRnj1dhupHXt,2D06,-35.292,19.881,5.97,11.98,room,Second Floor,4.57,3eM8WbY_59RR5TDWs3wwJN,0.05,1
162,0ClPCUC7jCQRnj1dhupHXk,2D09,-45.112,19.714,5.97,14.39,office,Second Floor,4.57,3eM8WbY_59RR5TDWs3wwJN,0.05,1
163,0ClPCUC7jCQRnj1dhupHXU,2D14,-36.337,11.754,5.97,13.6,room,Second Floor,4.57,3eM8WbY_59RR5TDWs3wwJN,0.05,1
164,0ClPCUC7jCQRnj1dhupHXJ,2D15,-32.92,11.754,5.97,10.83,room,Second Floor,4.57,3eM8WbY_59RR5TDWs3wwJN,0.05,1
165,0ClPCUC7jCQRnj1dhupMQe,2B19,-6.51,16.364,5.97,8.88,office,Second Floor,4.57,3eM8WbY_59RR5TDWs3wwJN,0.05,1
166,0ztdC3L1HAzhbhMHypqc6G,1E30,-40.148,6.797,1.4,6.88,room,First Floor,-0.0,3eM8WbY_59RR5TDWs3wwJP,0.05,1
167,0ClPCUC7jCQRnj1dhupHsP,2C10,-34.962,43.189,5.97,11.03,room,Second Floor,4.57,3eM8WbY_59RR5TDWs3wwJN,0.05,1
168,0ztdC3L1HAzhbhMHypqcAT,1D10,-31.987,36.865,1.4,12.74,room,First Floor,-0.0,3eM8WbY_59RR5TDWs3wwJP,0.05,1
169,0ClPCUC7jCQRnj1dhupHsa,2C09,-33.183,48.541,5.97,11.36,room,Second Floor,4.57,3eM8WbY_59RR5TDWs3wwJN,0.05,1
170,0uLn6BSvvEB8kgChiujNHa,2A07,-12.757,48.51,5.97,12.0,room,Second Floor,4.57,3eM8WbY_59RR5TDWs3wwJN,0.05,1
171,0ztdC3L1HAzhbhMHypqc1g,1C12,-41.569,54.587,1.4,6.15,toilet,First Floor,-0.0,3eM8WbY_59RR5TDWs3wwJP,0.05,1
172,0ztdC3L1HAzhbhMHypqcY5,1A13,-14.085,41.27,1.4,4.47,toilet,First Floor,-0.0,3eM8WbY_59RR5TDWs3wwJP,0.05,1
173,0ztdC3L1HAzhbhMHypqcVm,1B11,-6.022,16.9,1.4,4.99,toilet,First Floor,-0.0,3eM8WbY_59RR5TDWs3wwJP,0.05,1
174,0ClPCUC7jCQRnj1dhupHnn,2C24,-21.79,40.054,5.97,9.22,toilet,Second Floor,4.57,3eM8WbY_59RR5TDWs3wwJN,0.05,1
175,0ClPCUC7jCQRnj1dhupMQZ,2B22,-1.114,13.697,5.97,5.17,toilet,Second Floor,4.57,3eM8WbY_59RR5TDWs3wwJN,0.05,1
176,0ztdC3L1HAzhbhMHypqc8e,1DC5,-39.575,26.834,1.4,6.61,corridor,First Floor,-0.0,3eM8WbY_59RR5TDWs3wwJP,0.1,1
177,0ztdC3L1HAzhbhMHypqc0P,1C17,-50.421,46.285,1.4,9.94,room,First Floor,-0.0,3eM8WbY_59RR5TDWs3wwJP,0.05,1
178,0ztdC3L1HAzhbhMHypqc03,1C19,-50.254,54.758,1.4,11.63,room,First Floor,-0.0,3eM8WbY_59RR5TDWs3wwJP,0.05,1
179,0ztdC3L1HAzhbhMHypqc0D,1C11,-38.44,53.448,1.4,0.78,room,First Floor,-0.0,3eM8WbY_59RR5TDWs3wwJP,0.05,1
180,0ztdC3L1HAzhbhMHypqc0$,1E01,-21.37,13.687,1.4,9.73,storage,First Floor,-0.0,3eM8WbY_59RR5TDWs3wwJP,0.2,1
181,0ztdC3L1HAzhbhMHypqc0Y,1E03,-21.37,17.937,1.4,3.97,room,First Floor,-0.0,3eM8WbY_59RR5TDWs3wwJP,0.05,1
182,0ztdC3L1HAzhbhMHypqc0i,1E05,-24.343,16.96,1.4,9.94,office,First Floor,-0.0,3eM8WbY_59RR5TDWs3wwJP,0.05,1
183,0ztdC3L1HAzhbhMHypqc7M,1E07,-33.172,13.815,1.4,11.63,room,First Floor,-0.0,3eM8WbY_59RR5TDWs3wwJP,0.05,1
184,0ztdC3L1HAzhbhMHypqc74,1E14,-45.124,15.315,1.4,22.36,room,First Floor,-0.0,3eM8WbY_59RR5TDWs3wwJP,0.05,2
185,0ztdC3L1HAzhbhMHypqc79,1E17,-45.705,1.251,1.4,9.79,room,First Floor,-0.0,3eM8WbY_59RR5TDWs3wwJP,0.05,1
186,0ztdC3L1HAzhbhMHypqc6M,1E28,-21.459,1.333,1.4,9.74,office,First Floor,-0.0,3eM8WbY_59RR5TDWs3wwJP,0.05,1
187,0ztdC3L1HAzhbhMHypqcVC,1B07,-6.15,20.7,1.4,4.42,room,First Floor,-0.0,3eM8WbY_59RR5TDWs3wwJP,0.05,1
188,0ztdC3L1HAzhbhMHypqcT2,1B14,-9.542,11.291,1.4,4.04,room,First Floor,-0.0,3eM8WbY_59RR5TDWs3wwJP,0.05,1
189,0ztdC3L1HAzhbhMHypqcT_,1B21,-16.583,20.79,1.4,9.8,room,First Floor,-0.0,3eM8WbY_59RR5TDWs3wwJP,0.05,1
190,0ztdC3L1HAzhbhMHypqcTv,1B23,-16.583,16.637,1.4,9.88,room,First Floor,-0.0,3eM8WbY_59RR5TDWs3wwJP,0.05,1
191,0ztdC3L1HAzhbhMHypqdeT,1AS1,-16.688,39.674,1.4,14.06,stair,First Floor,-0.0,3eM8WbY_59RR5TDWs3wwJP,0.15,1
192,0uLn6BSvvEB8kgChiujNHh,2A10,-16.663,43.662,5.97,7.86,room,Second Floor,4.57,3eM8WbY_59RR5TDWs3wwJN,0.05,1
193,0uLn6BSvvEB8kgChiujNHV,2A12-A,-11.15,44.213,5.97,2.29,room,Second Floor,4.57,3eM8WbY_59RR5TDWs3wwJN,0.05,1
194,0ClPCUC7jCQRnj1dhupHsQ,2C11,-35.708,48.386,5.97,5.09,room,Second Floor,4.57,3eM8WbY_59RR5TDWs3wwJN,0.05,1
195,0ClPCUC7jCQRnj1dhupHXj,2D08,-41.573,19.881,5.97,8.98,room,Second Floor,4.57,3eM8WbY_59RR5TDWs3wwJN,0.05,1
196,0ClPCUC7jCQRnj1dhupHXP,2D12,-42.1,10.511,5.97,2.8,room,Second Floor,4.57,3eM8WbY_59RR5TDWs3wwJN,0.05,1
197,0ClPCUC7jCQRnj1dhupHX9,2D17,-30.182,11.754,5.97,9.65,room,Second Floor,4.57,3eM8WbY_59RR5TDWs3wwJN,0.05,1
198,0ClPCUC7jCQRnj1dhupHXF,2D19,-27.46,11.754,5.97,10.91,office,Second Floor,4.57,3eM8WbY_59RR5TDWs3wwJN,0.05,1
199,0ClPCUC7jCQRnj1dhupMR9,2B8,-10.513,20.527,5.97,12.64,office,Second Floor,4.57,3eM8WbY_59RR5TDWs3wwJN,0.05,1
200,0ClPCUC7jCQRnj1dhupMR5,2B12,-16.583,20.817,5.97,9.92,room,Second Floor,4.57,3eM8WbY_59RR5TDWs3wwJN,0.05,1
201,0ClPCUC7jCQRnj1dhupMQk,2B21,-1.669,11.549,5.97,9.25,room,Second Floor,4.57,3eM8WbY_59RR5TDWs3wwJN,0.05,1
202,1NvbzFDrT8ePCfWUZHOCVS,1F01,-34.161,-4.967,1.785,80.07,room,First Floor,-0.0,3eM8WbY_59RR5TDWs3wwJP,0.05,8
203,0ztdC3L1HAzhbhMHypqdiM,E1,-16.583,26.696,4.625,4.36,room,First Floor,-0.0,3eM8WbY_59RR5TDWs3wwJP,0.05,1
204,0ClPCUC7jCQRnj1dhupMQo,2B17,-9.023,16.364,5.97,9.0,room,Second Floor,4.57,3eM8WbY_59RR5TDWs3wwJN,0.05,1
205,0ztdC3L1HAzhbhMHypqcAJ,1D08,-28.817,36.865,1.4,12.83,room,First Floor,-0.0,3eM8WbY_59RR5TDWs3wwJP,0.05,1
206,0ztdC3L1HAzhbhMHypqcAU,1D09,-30.733,42.745,1.4,12.78,room,First Floor,-0.0,3eM8WbY_59RR5TDWs3wwJP,0.05,1
207,0ztdC3L1HAzhbhMHypqc94,1D28,-37.09,20.645,1.4,12.69,room,First Floor,-0.0,3eM8WbY_59RR5TDWs3wwJP,0.05,1
208,0ztdC3L1HAzhbhMHypqc9m,1D34,-30.767,20.645,1.4,12.83,room,First Floor,-0.0,3eM8WbY_59RR5TDWs3wwJP,0.05,1
209,0ztdC3L1HAzhbhMHypqc9$,1D35,-28.817,26.525,1.4,12.83,room,First Floor,-0.0,3eM8WbY_59RR5TDWs3wwJP,0.05,1
210,0ztdC3L1HAzhbhMHypqc7V,1E10,-37.761,13.435,1.4,5.06,toilet,First Floor,-0.0,3eM8WbY_59RR5TDWs3wwJP,0.05,1
211,0ztdC3L1HAzhbhMHypqc7P,1E12,-41.824,13.02,1.4,5.25,toilet,First Floor,-0.0,3eM8WbY_59RR5TDWs3wwJP,0.05,1
212,0ClPCUC7jCQRnj1dhupMRU,2B5,-6.097,21.514,5.97,4.73,toilet,Second Floor,4.57,3eM8WbY_59RR5TDWs3wwJN,0.05,1
213,0ztdC3L1HAzhbhMHypqcZk,1A04,-1.402,45.532,1.4,9.54,office,First Floor,-0.0,3eM8WbY_59RR5TDWs3wwJP,0.05,1
214,0ztdC3L1HAzhbhMHypqcYI,1A08,-12.527,48.831,1.4,10.45,office,First Floor,-0.0,3eM8WbY_59RR5TDWs3wwJP,0.05,1
215,0ztdC3L1HAzhbhMHypqcB5,1C06,-30.337,55.332,1.4,5.4,room,First Floor,-0.0,3eM8WbY_59RR5TDWs3wwJP,0.05,1
216,0ztdC3L1HAzhbhMHypqcAd,1D17,-41.334,40.282,1.4,2.06,room,First Floor,-0.0,3eM8WbY_59RR5TDWs3wwJP,0.05,1
217,0ztdC3L1HAzhbhMHypqc9G,1D24,-44.92,26.785,1.4,11.78,room,First Floor,-0.0,3eM8WbY_59RR5TDWs3wwJP,0.05,1
218,0ztdC3L1HAzhbhMHypqc0G,1C14,-43.947,54.758,1.4,8.18,room,First Floor,-0.0,3eM8WbY_59RR5TDWs3wwJP,0.05,1
219,0ztdC3L1HAzhbhMHypqc7h,1E27,-24.572,1.333,1.4,9.51,storage,First Floor,-0.0,3eM8WbY_59RR5TDWs3wwJP,0.2,1
220,0ztdC3L1HAzhbhMHypqcPI,1EC2,-23.365,8.16,1.4,7.91,corridor,First Floor,-0.0,3eM8WbY_59RR5TDWs3wwJP,0.1,1
221,0ztdC3L1HAzhbhMHypqcV$,1B12,-8.185,11.291,1.4,3.9,room,First Floor,-0.0,3eM8WbY_59RR5TDWs3wwJP,0.05,1
222,0ztdC3L1HAzhbhMHypqcT1,1B15,-10.56,24.77,1.4,5.84,room,First Floor,-0.0,3eM8WbY_59RR5TDWs3wwJP,0.05,1
223,0ztdC3L1HAzhbhMHypqcTC,1B16,-10.922,11.291,1.4,4.04,room,First Floor,-0.0,3eM8WbY_59RR5TDWs3wwJP,0.05,1
224,0uLn6BSvvEB8kgChiujNG6,2AC5,-8.431,40.399,5.97,9.1,corridor,Second Floor,4.57,3eM8WbY_59RR5TDWs3wwJN,0.1,1
225,0uLn6BSvvEB8kgChiujNHz,2A04,-2.017,48.141,5.97,16.01,office,Second Floor,4.57,3eM8WbY_59RR5TDWs3wwJN,0.05,1
226,0ClPCUC7jCQRnj1dhupHs1,2C18,-42.038,40.096,5.97,9.84,room,Second Floor,4.57,3eM8WbY_59RR5TDWs3wwJN,0.05,1
227,0ClPCUC7jCQRnj1dhupHs2,2C19,-36.96,39.926,5.97,21.04,room,Second Floor,4.57,3eM8WbY_59RR5TDWs3wwJN,0.05,2
228,0ClPCUC7jCQRnj1dhupHXe,2D07,-38.65,19.881,5.97,9.22,room,Second Floor,4.57,3eM8WbY_59RR5TDWs3wwJN,0.05,1
229,0ClPCUC7jCQRnj1dhupMRK,2B7,-8.122,26.496,5.97,9.93,office,Second Floor,4.57,3eM8WbY_59RR5TDWs3wwJN,0.05,1
230,0ClPCUC7jCQRnj1dhupMQy,2B15,-11.57,16.364,5.97,9.12,room,Second Floor,4.57,3eM8WbY_59RR5TDWs3wwJN,0.05,1
231,0ClPCUC7jCQRnj1dhupMQn,2B16,-9.985,11.291,5.97,9.52,room,Second Floor,4.57,3eM8WbY_59RR5TDWs3wwJN,0.05,1
232,0ClPCUC7jCQRnj1dhupMQa,2B23,-1.627,16.419,5.97,10.8,room,Second Floor,4.57,3eM8WbY_59RR5TDWs3wwJN,0.05,1
233,0ClPCUC7jCQRnj1dhupMQP,2B24,-1.627,19.236,5.97,9.78,room,Second Floor,4.57,3eM8WbY_59RR5TDWs3wwJN,0.05,1
234,0ClPCUC7jCQRnj1dhupMQV,2BS2,-14.69,11.463,5.97,15.45,stair,Second Floor,4.57,3eM8WbY_59RR5TDWs3wwJN,0.15,1
235,0ztdC3L1HAzhbhMHypqc0X,1E04,-24.343,13.67,1.4,9.74,room,First Floor,-0.0,3eM8WbY_59RR5TDWs3wwJP,0.05,1
236,0ClPCUC7jCQRnj1dhupHsj,2C06,-29.773,48.541,5.97,12.0,room,Second Floor,4.57,3eM8WbY_59RR5TDWs3wwJN,0.05,1
237,0ztdC3L1HAzhbhMHypqcA1,1D14,-37.257,37.86,1.4,4.75,toilet,First Floor,-0.0,3eM8WbY_59RR5TDWs3wwJP,0.05,1
238,0ztdC3L1HAzhbhMHypqcV2,1B05,-6.278,22.465,1.4,4.79,toilet,First Floor,-0.0,3eM8WbY_59RR5TDWs3wwJP,0.05,1
239,0ztdC3L1HAzhbhMHypqc7G,1E09,-35.71,13.435,1.4,5.06,toilet,First Floor,-0.0,3eM8WbY_59RR5TDWs3wwJP,0.05,1
240,0ztdC3L1HAzhbhMHypqc9Q,1D26,-41.87,23.422,1.4,5.04,toilet,First Floor,-0.0,3eM8WbY_59RR5TDWs3wwJP,0.05,1
241,0ClPCUC7jCQRnj1dhupMRJ,2B6,-8.188,21.514,5.97,5.65,toilet,Second Floor,4.57,3eM8WbY_59RR5TDWs3wwJN,0.05,1
242,0ztdC3L1HAzhbhMHypqcYR,1A11,-11.245,46.404,1.4,2.04,room,First Floor,-0.0,3eM8WbY_59RR5TDWs3wwJP,0.05,1
243,0ztdC3L1HAzhbhMHypqcY0,1A14,-13.878,38.98,1.4,7.23,room,First Floor,-0.0,3eM8WbY_59RR5TDWs3wwJP,0.05,1
244,0ztdC3L1HAzhbhMHypqcBJ,1C03,-31.637,46.518,1.4,4.11,room,First Floor,-0.0,3eM8WbY_59RR5TDWs3wwJP,0.05,1
245,0ztdC3L1HAzhbhMHypqc0V,1C15,-45.037,46.967,1.4,15.39,office,First Floor,-0.0,3eM8WbY_59RR5TDWs3wwJP,0.05,1
246,0ztdC3L1HAzhbhMHypqc0d,1E02,-21.37,16.292,1.4,5.68,room,First Floor,-0.0,3eM8WbY_59RR5TDWs3wwJP,0.05,1
247,0ztdC3L1HAzhbhMHypqc7z,1E21,-41.019,4.195,1.4,5.66,storage,First Floor,-0.0,3eM8WbY_59RR5TDWs3wwJP,0.2,1
248,0ztdC3L1HAzhbhMHypqc7u,1E22,-39.26,4.195,1.4,6.27,storage,First Floor,-0.0,3eM8WbY_59RR5TDWs3wwJP,0.2,1
249,0ztdC3L1HAzhbhMHypqcV1,1B06,-1.138,12.138,1.4,10.48,office,First Floor,-0.0,3eM8WbY_59RR5TDWs3wwJP,0.05,1
250,0ztdC3L1HAzhbhMHypqcVB,1B08,-3.71,12.138,1.4,9.77,room,First Floor,-0.0,3eM8WbY_59RR5TDWs3wwJP,0.05,1
251,0ztdC3L1HAzhbhMHypqdl$,1E15-A,-51.709,14.345,1.4,2.29,storage,First Floor,-0.0,3eM8WbY_59RR5TDWs3wwJP,0.2,1
252,0ClPCUC7jCQRnj1dhupHsu,2C01,-21.51,43.257,5.97,8.73,room,Second Floor,4.57,3eM8WbY_59RR5TDWs3wwJN,0.05,1
253,0ClPCUC7jCQRnj1dhupHc2,2D01,-22.181,22.369,5.97,8.92,storage,Second Floor,4.57,3eM8WbY_59RR5TDWs3wwJN,0.2,1
254,0ClPCUC7jCQRnj1dhupHXx,2D02,-22.181,24.804,5.97,9.92,storage,Second Floor,4.57,3eM8WbY_59RR5TDWs3wwJN,0.2,1
255,0ClPCUC7jCQRnj1dhupMRd,2B2,-0.958,24.034,5.97,2.2,room,Second Floor,4.57,3eM8WbY_59RR5TDWs3wwJN,0.05,1
256,0ClPCUC7jCQRnj1dhupMRT,2B4,-5.272,26.496,5.97,9.84,room,Second Floor,4.57,3eM8WbY_59RR5TDWs3wwJN,0.05,1
257,0ClPCUC7jCQRnj1dhupMRA,2B9,-10.972,26.496,5.97,9.94,office,Second Floor,4.57,3eM8WbY_59RR5TDWs3wwJN,0.05,1
258,0ClPCUC7jCQRnj1dhupMQj,2B20,-4.175,11.48,5.97,3.24,room,Second Floor,4.57,3eM8WbY_59RR5TDWs3wwJN,0.05,1
259,0ztdC3L1HAzhbhMHypqcBl,1D04,-21.273,39.495,1.4,5.1,toilet,First Floor,-0.0,3eM8WbY_59RR5TDWs3wwJP,0.05,1
260,0ztdC3L1HAzhbhMHypqcBW,1D03,-26.625,37.868,1.4,2.35,room,First Floor,-0.0,3eM8WbY_59RR5TDWs3wwJP,0.05,1
261,0ztdC3L1HAzhbhMHypqc9v,1D37,-26.625,25.522,1.4,2.35,room,First Floor,-0.0,3eM8WbY_59RR5TDWs3wwJP,0.05,1
262,0uLn6BSvvEB8kgChiujNG3,2AS1,-16.663,39.615,5.97,14.45,stair,Second Floor,4.57,3eM8WbY_59RR5TDWs3wwJN,0.15,1
