scenario_id,success,reward,steps,spl,collisions,deadlock,cumulative_risk,path_length,shortest_path_length,detour,disruption_applied,robot_id,robots
0,1.0,10.635,3,1.0,0,0.0,0.15000000000000002,27.628,27.628,1.0,0.0,0,1
1,1.0,10.753620625116975,2,1.0,0,0.0,0.1,10.686,10.686,1.0,0.0,0,1
2,1.0,10.635783443812308,3,0.9414279396589849,0,0.0,0.15000000000000002,20.351,19.159,1.0622161908241559,0.0,0,1
3,1.0,10.517679306916632,4,1.0,0,0.0,0.2,28.164,28.164,1.0,0.0,0,1
4,1.0,10.875,1,1.0,0,0.0,0.05,4.55,4.55,1.0,0.0,0,1
5,1.0,10.513957211933219,4,0.7808370436331256,0,0.0,0.2,28.075,21.922,1.2806769455341664,0.0,0,1
6,1.0,10.635000000000002,3,1.0,0,0.0,0.15000000000000002,18.0,18.0,1.0,0.0,0,1
7,1.0,10.516353268297282,4,1.0,0,0.0,0.2,21.219,21.219,1.0,0.0,0,1
8,1.0,10.875,1,1.0,0,0.0,0.05,5.82,5.82,1.0,0.0,0,1
9,1.0,10.270846535445672,6,1.0,0,0.0,0.3,37.494,37.494,1.0,0.0,0,1
10,1.0,10.510272312784961,4,0.9760126794477125,0,0.0,0.2,32.809,32.022,1.0245768534132784,0.0,0,1
11,1.0,10.63813258834189,3,1.0,0,0.0,0.15000000000000002,16.555,16.555,1.0,0.0,0,1
12,1.0,10.272186511024643,6,1.0,0,0.0,0.3,38.550000000000004,38.550000000000004,1.0,0.0,0,1
13,1.0,10.392176301695104,5,0.969228299261479,0,0.0,0.25,37.37200000000001,36.222,1.0317486610347304,0.0,0,1
14,1.0,10.272499470114456,6,0.8399314595989942,0,0.0,0.3,44.937,37.744,1.1905733361593895,0.0,0,1
15,0.0,-23.585511541823042,200,0.0,0,0.0,10.000000000000007,2448.9100000000003,38.902,62.950748033520135,0.0,0,1
16,1.0,10.392440652818992,5,0.5404507574672814,0,0.0,0.25,34.919,18.872,1.8503073336159388,0.0,0,1
17,1.0,10.278479037413048,6,0.9975852772242412,0,0.0,0.3,42.655,42.55200000000001,1.0024205677758975,0.0,0,1
18,0.0,-23.09413757165195,200,0.0,0,0.0,10.000000000000007,879.999999999997,38.379999999999995,22.928608650338642,0.0,0,1
19,1.0,10.512259046217645,4,1.0,0,0.0,0.2,29.902,29.902,1.0,0.0,0,1
20,1.0,10.875,1,1.0,0,0.0,0.05,8.186,8.186,1.0,0.0,0,1
21,1.0,10.153246326243037,7,0.8454883272345616,0,0.0,0.35,35.253,29.806,1.1827484399114272,0.0,0,1
22,1.0,10.51417672263029,4,1.0,0,0.0,0.2,22.872,22.872,1.0,0.0,0,1
23,1.0,10.754669260700389,2,1.0,0,0.0,0.1,12.85,12.85,1.0,0.0,0,1
24,1.0,10.39571326309607,5,1.0,0,0.0,0.25,27.241,27.241,1.0,0.0,0,1
25,1.0,10.875,1,1.0,0,0.0,0.05,5.583,5.583,1.0,0.0,0,1
26,0.0,-23.133889474861732,200,0.0,0,0.0,10.000000000000007,497.3500000000026,31.287,15.896378687633925,0.0,0,1
27,1.0,10.6362902695595,3,1.0,0,0.0,0.15000000000000002,12.168,12.168,1.0,0.0,0,1
28,1.0,10.632534741021475,3,1.0,0,0.0,0.15000000000000002,22.164,22.164,1.0,0.0,0,1
29,1.0,10.393730827151543,5,1.0,0,0.0,0.25,35.858000000000004,35.858000000000004,1.0,0.0,0,1
30,1.0,10.392398638380644,5,1.0,0,0.0,0.25,32.902,32.902,1.0,0.0,0,1
31,1.0,10.158927441816552,7,0.8708861800316565,0,0.0,0.35,48.647000000000006,42.366,1.1482556767218999,0.0,0,1
32,0.0,-23.504201680672303,200,0.0,0,0.0,10.000000000000007,1200.0,11.9,100.84033613445378,0.0,0,1
33,1.0,10.272568892421834,6,0.5852523842754128,0,0.0,0.3,38.691,22.644,1.7086645468998412,0.0,0,1
34,1.0,10.388419293581466,5,0.811952633526582,0,0.0,0.25,32.428,26.33,1.23159893657425,0.0,0,1
35,1.0,10.391552636937487,5,0.7631108693963172,0,0.0,0.25,25.742,19.644,1.310425575239259,0.0,0,1
36,0.0,-23.817392743128558,200,0.0,0,0.0,10.000000000000007,2451.6730000000007,25.686,95.44783150354282,0.0,0,1
37,1.0,10.1560713017475,7,1.0,0,0.0,0.35,53.504999999999995,53.504999999999995,1.0,0.0,0,1
38,1.0,10.2753253783121,6,1.0,0,0.0,0.3,33.438,33.438,1.0,0.0,0,1
39,1.0,10.271459748056294,6,0.9705566301310983,0,0.0,0.3,41.876999999999995,40.644,1.0303365810451726,0.0,0,1
40,1.0,10.756290142788895,2,1.0,0,0.0,0.1,18.839,18.839,1.0,0.0,0,1
41,1.0,10.875,1,1.0,0,0.0,0.05,3.05,3.05,1.0,0.0,0,1
42,0.0,-23.69212931387262,200,0.0,0,0.0,10.000000000000007,2462.8,14.661999999999999,167.97162733597057,0.0,0,1
43,0.0,-23.486392049412533,200,0.0,0,0.0,10.000000000000007,1488.1999999999964,21.533,69.11252496168655,0.0,0,1
44,1.0,10.875,1,1.0,0,0.0,0.05,6.05,6.05,1.0,0.0,0,1
45,1.0,10.394818758660929,5,0.9429524431759568,0,0.0,0.25,29.081,27.422,1.0604988695208226,0.0,0,1
46,1.0,10.150600077335783,7,1.0,0,0.0,0.35,41.378,41.378,1.0,0.0,0,1
47,1.0,10.035234292017321,8,0.9691186950669094,0,0.0,0.39999999999999997,50.516,48.955999999999996,1.0318653484761828,0.0,0,1
48,0.0,-23.673581192203017,200,0.0,0,0.0,10.000000000000007,1365.3809999999978,37.091,36.81165242242047,0.0,0,1
49,1.0,10.391546300095747,5,0.9316936408818657,0,0.0,0.25,39.235,36.555,1.0733141841061413,0.0,0,1
50,1.0,10.875,1,1.0,0,0.0,0.05,8.186,8.186,1.0,0.0,0,1
51,1.0,10.166991512103111,7,0.6687409338406879,0,0.0,0.35,47.567,31.810000000000002,1.4953473750392958,0.0,0,1
52,1.0,10.755216030600712,2,0.8472416586874862,0,0.0,0.1,13.577,11.503,1.1803007910979744,0.0,0,1
53,1.0,10.15139840621334,7,0.8356064831246092,0,0.0,0.35,59.169000000000004,49.442,1.1967355689494763,0.0,0,1
54,1.0,10.513701637829964,4,1.0,0,0.0,0.2,28.147,28.147,1.0,0.0,0,1
55,1.0,10.393640005863096,5,1.0,0,0.0,0.25,40.934000000000005,40.934000000000005,1.0,0.0,0,1
56,1.0,10.875,1,1.0,0,0.0,0.05,7.501,7.501,1.0,0.0,0,1
57,1.0,10.149908784596871,7,0.8224953975889305,0,0.0,0.35,50.517,41.550000000000004,1.215812274368231,0.0,0,1
58,1.0,10.635653488632546,3,1.0,0,0.0,0.15000000000000002,17.858,17.858,1.0,0.0,0,1
59,1.0,10.387532953771892,5,0.5777054806764148,0,0.0,0.25,27.971,16.159,1.7309858283309612,0.0,0,1
60,1.0,10.146240181311411,7,0.8554878489366314,0,0.0,0.35,41.519,35.519,1.1689236746530027,0.0,0,1
61,1.0,10.160073737710382,7,0.6574276950043821,0,0.0,0.35,36.512,24.004,1.5210798200299949,0.0,0,1
62,1.0,10.637588811188811,3,1.0,0,0.0,0.15000000000000002,14.3,14.3,1.0,0.0,0,1
63,1.0,10.271208631115998,6,0.9351704282556167,0,0.0,0.3,38.902,36.38,1.0693238042880704,0.0,0,1
64,1.0,10.519174792657111,4,0.9149125313521923,0,0.0,0.2,31.497,28.817,1.0930006593330326,0.0,0,1
65,1.0,10.515455102040818,4,0.9181679471049602,0,0.0,0.2,37.357,34.3,1.0891253644314869,0.0,0,1
66,1.0,10.275494012395884,6,0.8924289826054312,0,0.0,0.3,39.955,35.657000000000004,1.1205373418964018,0.0,0,1
67,1.0,10.51585155801451,4,0.7193436960276338,0,0.0,0.2,26.634,19.159,1.39015606242497,0.0,0,1
68,1.0,10.395379864003703,5,1.0,0,0.0,0.25,28.089,28.089,1.0,0.0,0,1
69,1.0,10.392698151147853,5,1.0,0,0.0,0.25,35.806,35.806,1.0,0.0,0,1
70,1.0,10.271694312796209,6,1.0,0,0.0,0.3,29.54,29.54,1.0,0.0,0,1
71,1.0,10.752288732394366,2,1.0,0,0.0,0.1,10.792,10.792,1.0,0.0,0,1
72,1.0,10.160057728686047,7,0.8595645266797496,0,0.0,0.35,53.504999999999995,45.991,1.1633797916983757,0.0,0,1
73,1.0,10.274062622588353,6,0.757701037613489,0,0.0,0.3,37.007999999999996,28.040999999999997,1.319781748154488,0.0,0,1
74,1.0,10.515634366983214,4,1.0,0,0.0,0.2,22.219,22.219,1.0,0.0,0,1
75,1.0,10.278886914019106,6,1.0,0,0.0,0.3,27.006,27.006,1.0,0.0,0,1
76,1.0,10.396672123692587,5,1.0,0,0.0,0.25,21.99,21.99,1.0,0.0,0,1
77,1.0,10.39794178561433,5,1.0,0,0.0,0.25,35.730000000000004,35.730000000000004,1.0,0.0,0,1
78,1.0,10.51503954550518,4,1.0,0,0.0,0.2,17.954,17.954,1.0,0.0,0,1
79,1.0,10.157670466652462,7,0.8155356677382918,0,0.0,0.35,46.035999999999994,37.544,1.2261879394843382,0.0,0,1
80,1.0,10.031976989570229,8,0.9764612641172974,0,0.0,0.39999999999999997,50.47,49.282,1.0241061645225438,0.0,0,1
81,1.0,10.636786527627951,3,0.7244388486085181,0,0.0,0.15000000000000002,23.033,16.686,1.3803787606376603,0.0,0,1
82,1.0,10.51429416914726,4,1.0,0,0.0,0.2,28.555000000000003,28.555000000000003,1.0,0.0,0,1
83,1.0,10.39582705365464,5,0.9583290803307134,0,0.0,0.25,39.188,37.555,1.043482891758754,0.0,0,1
84,1.0,9.800331573243561,10,0.8159736594543744,0,0.0,0.49999999999999994,53.15,43.369,1.2255297562775254,0.0,0,1
85,1.0,10.271008443109523,6,0.9403954362475812,0,0.0,0.3,44.963,42.282999999999994,1.0633824468462505,0.0,0,1
86,1.0,10.151271974959267,7,0.9226022113653897,0,0.0,0.35,50.556999999999995,46.644,1.0838907469342252,0.0,0,1
87,1.0,10.28056500641419,6,0.793617068366421,0,0.0,0.3,45.183,35.858,1.260053544536784,0.0,0,1
88,1.0,10.754605601317957,2,1.0,0,0.0,0.1,15.175,15.175,1.0,0.0,0,1
89,1.0,10.396799515689638,5,0.8209907223326707,0,0.0,0.25,24.144,19.822,1.2180405609928362,0.0,0,1
90,1.0,10.514702887942507,4,0.9484679226229923,0,0.0,0.2,31.689,30.056,1.0543319137609795,0.0,0,1
91,1.0,10.636097376234623,3,0.8602929677318459,0,0.0,0.15000000000000002,19.183,16.503,1.162394716112222,0.0,0,1
92,1.0,10.636006174395161,3,1.0,0,0.0,0.15000000000000002,15.872,15.872,1.0,0.0,0,1
93,1.0,10.875,1,1.0,0,0.0,0.05,7.159,7.159,1.0,0.0,0,1
94,1.0,10.273456524624983,6,0.9584457224286225,0,0.0,0.3,39.297999999999995,37.665,1.0433559007035709,0.0,0,1
95,1.0,10.400754458840206,5,1.0,0,0.0,0.25,30.333,30.333,1.0,0.0,0,1
96,1.0,10.272650322160452,6,0.8512226512226512,0,0.0,0.3,50.505,42.991,1.1747807680677351,0.0,0,1
97,1.0,10.515317493041954,4,0.9402015894553205,0,0.0,0.2,41.272000000000006,38.803999999999995,1.0636016905473666,0.0,0,1
98,1.0,10.636097376234623,3,0.8602929677318459,0,0.0,0.15000000000000002,19.183,16.503,1.162394716112222,0.0,0,1
99,1.0,10.75298755999608,2,1.0,0,0.0,0.1,10.209,10.209,1.0,0.0,0,1
100,1.0,10.035234292017321,8,0.9691186950669094,0,0.0,0.39999999999999997,50.516,48.955999999999996,1.0318653484761828,0.0,0,1
101,1.0,10.398823659305995,5,1.0,0,0.0,0.25,31.7,31.7,1.0,0.0,0,1
102,1.0,10.514348040143911,4,0.8078382181973934,0,0.0,0.2,32.686,26.405,1.2378716152243892,0.0,0,1
103,1.0,10.636067519784476,3,1.0,0,0.0,0.15000000000000002,23.756,23.756,1.0,0.0,0,1
104,1.0,10.150699523416737,7,0.8652828168678999,0,0.0,0.35,50.43899999999999,43.644,1.155691503986802,0.0,0,1
105,1.0,10.395,5,1.0,0,0.0,0.25,41.606,41.606,1.0,0.0,0,1
106,1.0,10.63382109041401,3,0.7051712851843769,0,0.0,0.15000000000000002,22.915000000000003,16.159,1.4180951791571264,0.0,0,1
107,1.0,10.514111740688277,4,0.899490331284665,0,0.0,0.2,26.684,24.002000000000002,1.1117406882759768,0.0,0,1
108,1.0,10.755,2,1.0,0,0.0,0.1,12.0,12.0,1.0,0.0,0,1
109,1.0,10.268536402103848,6,0.8082270591619523,0,0.0,0.3,31.287,25.287,1.237276070708269,0.0,0,1
110,1.0,10.153570678603005,7,1.0,0,0.0,0.35,36.192,36.192,1.0,0.0,0,1
111,1.0,10.514992712398326,4,1.0,0,0.0,0.2,21.269,21.269,1.0,0.0,0,1
112,1.0,10.271987462006079,6,0.8966715497564133,0,0.0,0.3,29.353,26.32,1.1152355623100305,0.0,0,1
113,1.0,10.510601570135888,4,0.9220862284501555,0,0.0,0.2,34.397,31.717,1.0844972727559352,0.0,0,1
114,1.0,10.518574247193122,4,0.7229656296698818,0,0.0,0.2,29.444,21.287,1.3831916192981633,0.0,0,1
115,1.0,10.633608755443502,3,0.9659676756175474,0,0.0,0.15000000000000002,31.617,30.540999999999997,1.0352313283782457,0.0,0,1
116,1.0,10.39720120356499,5,0.9602330911396109,0,0.0,0.25,41.014,39.383,1.0414138079882183,0.0,0,1
117,1.0,9.914367527414221,9,0.7794320374965537,0,0.0,0.44999999999999996,54.405,42.405,1.282985496993279,0.0,0,1
118,1.0,10.875,1,1.0,0,0.0,0.05,6.0,6.0,1.0,0.0,0,1
119,1.0,10.275780586060373,6,0.9729395973154362,0,0.0,0.3,37.25,36.242,1.0278130346007395,0.0,0,1
120,1.0,10.75299683463085,2,1.0,0,0.0,0.1,11.689,11.689,1.0,0.0,0,1
121,0.0,-23.042033442924296,200,0.0,0,0.0,10.000000000000007,495.39900000000256,28.287,17.51331000106065,0.0,0,1
122,0.0,-23.575477941176413,200,0.0,0,0.0,10.000000000000007,1365.299999999998,27.2,50.19485294117639,0.0,0,1
123,0.0,-23.345065542530403,200,0.0,0,0.0,10.000000000000007,1369.1169999999977,17.317,79.06201998036597,0.0,0,1
124,1.0,10.513872035063596,4,0.9309917190062807,0,0.0,0.2,24.997,23.272,1.074123410106566,0.0,0,1
125,0.0,-23.87727208703673,200,0.0,0,0.0,10.000000000000007,2440.060000000001,41.178,59.256399048035384,0.0,0,1
126,1.0,10.756710306132494,2,0.9612982588947766,0,0.0,0.1,10.568,10.158999999999999,1.0402598680972537,0.0,0,1
127,1.0,10.274275768649193,6,0.8509087010132419,0,0.0,0.3,37.306,31.744,1.1752142137096773,0.0,0,1
128,1.0,10.875,1,1.0,0,0.0,0.05,4.453,4.453,1.0,0.0,0,1
129,1.0,10.517195286527764,4,1.0,0,0.0,0.2,30.381,30.381,1.0,0.0,0,1
130,1.0,10.391989659615929,5,1.0,0,0.0,0.25,31.817,31.817,1.0,0.0,0,1
131,1.0,10.03022513655824,8,0.8796208120509049,0,0.0,0.39999999999999997,46.20399999999999,40.642,1.1368535013040695,0.0,0,1
132,1.0,10.754239741026373,2,1.0,0,0.0,0.1,10.503,10.503,1.0,0.0,0,1
133,1.0,10.395,5,1.0,0,0.0,0.25,41.606,41.606,1.0,0.0,0,1
134,1.0,10.514182948072126,4,0.7924859157556989,0,0.0,0.2,26.803,21.241,1.2618520785273764,0.0,0,1
135,1.0,10.519010499522748,4,0.6596358675691275,0,0.0,0.2,19.058999999999997,12.572,1.5159879096404707,0.0,0,1
136,1.0,10.39529544040955,5,0.9442085290928802,0,0.0,0.25,44.272000000000006,41.802,1.0590880819099566,0.0,0,1
137,1.0,10.636098721289619,3,0.8601887087525414,0,0.0,0.15000000000000002,19.183,16.501,1.1625356039027936,0.0,0,1
138,1.0,10.276581987853652,6,0.8291574551707198,0,0.0,0.3,32.568,27.004,1.2060435491038364,0.0,0,1
139,1.0,10.875,1,1.0,0,0.0,0.05,5.9,5.9,1.0,0.0,0,1
140,1.0,10.151188066851468,7,0.8055892810684242,0,0.0,0.35,46.123999999999995,37.157,1.2413273407433323,0.0,0,1
141,1.0,10.160036328194224,7,0.9734135455074714,0,0.0,0.35,46.376999999999995,45.144,1.0273125996810206,0.0,0,1
142,1.0,10.39430116606353,5,1.0,0,0.0,0.25,24.87,24.87,1.0,0.0,0,1
143,1.0,10.516061556723757,4,0.7897150892229402,0,0.0,0.2,29.869,23.588,1.2662794641343056,0.0,0,1
144,1.0,10.39245933600713,5,0.9016801024636478,0,0.0,0.25,39.819,35.903999999999996,1.1090407754010696,0.0,0,1
145,1.0,10.273305444367534,6,0.9739132983556587,0,0.0,0.3,34.117,33.227000000000004,1.0267854455713725,0.0,0,1
146,1.0,10.392440652818992,5,0.5404507574672814,0,0.0,0.25,34.919,18.872,1.8503073336159388,0.0,0,1
147,1.0,10.392443792464485,5,1.0,0,0.0,0.25,32.379999999999995,32.379999999999995,1.0,0.0,0,1
148,1.0,10.276301548222149,6,0.9411581222289062,0,0.0,0.3,44.883,42.242,1.0625207139813457,0.0,0,1
149,1.0,10.395818870457378,5,0.9210998910707452,0,0.0,0.25,33.967,31.287,1.0856585802409946,0.0,0,1
150,1.0,10.15525455083617,7,0.8267803246594339,0,0.0,0.35,49.035999999999994,40.541999999999994,1.2095111242661931,0.0,0,1
151,1.0,10.516223429641324,4,0.9434400110834026,0,0.0,0.2,28.872,27.239,1.0599508058298763,0.0,0,1
152,1.0,10.147381688177907,7,0.8122154686615646,0,0.0,0.35,40.637,33.006,1.2312003878082773,0.0,0,1
153,0.0,-22.996888888888805,200,0.0,0,0.0,10.000000000000007,2458.6270000000004,4.5,546.3615555555557,0.0,0,1
154,1.0,10.278540644171779,6,0.9394361461985494,0,0.0,0.3,41.642,39.12,1.064468302658487,0.0,0,1
155,1.0,10.029031791489485,8,0.8257452703993886,0,0.0,0.39999999999999997,41.864,34.569,1.2110272209204778,0.0,0,1
156,1.0,10.276769037561365,6,0.9775015065955405,0,0.0,0.3,44.803000000000004,43.795,1.0230163260646192,0.0,0,1
157,1.0,10.270798008284128,6,0.6624824848201775,0,0.0,0.3,34.256,22.694,1.5094738697453072,0.0,0,1
158,1.0,10.515,4,1.0,0,0.0,0.2,24.438000000000002,24.438000000000002,1.0,0.0,0,1
159,1.0,10.519110594191496,4,0.9621498864496594,0,0.0,0.2,30.383,29.233,1.03933910306845,0.0,0,1
160,1.0,10.146151155771756,7,0.6877579428069062,0,0.0,0.35,40.949,28.163,1.4539999289848382,0.0,0,1
161,1.0,10.402268873378153,5,0.5834166083741381,0,0.0,0.25,40.028,23.353,1.7140410225666936,0.0,0,1
162,1.0,10.63415794860132,3,1.0,0,0.0,0.15000000000000002,17.588,17.588,1.0,0.0,0,1
163,1.0,10.75801841512391,2,0.6804639072185562,0,0.0,0.1,15.003,10.209,1.469585659712019,0.0,0,1
164,1.0,10.394965260368169,5,0.9124240245735573,0,0.0,0.25,30.602,27.922,1.0959816632046415,0.0,0,1
165,1.0,10.275686239869266,6,0.9734929916587841,0,0.0,0.3,46.516,45.283,1.0272287613453173,0.0,0,1
166,1.0,10.274323658917664,6,0.9411581222289062,0,0.0,0.3,44.883,42.242,1.0625207139813457,0.0,0,1
167,1.0,10.15721692615103,7,0.9794503791894316,0,0.0,0.35,49.052,48.044,1.020980767629673,0.0,0,1
168,1.0,10.392901196289692,5,1.0,0,0.0,0.25,38.702999999999996,38.702999999999996,1.0,0.0,0,1
169,1.0,10.273595266908698,6,0.9579318872687927,0,0.0,0.3,38.818,37.184999999999995,1.0439155573483931,0.0,0,1
170,1.0,10.397117031263335,5,1.0,0,0.0,0.25,35.153,35.153,1.0,0.0,0,1
171,0.0,-23.517919580419637,200,0.0,0,0.0,10.000000000000007,2369.9999999999914,22.88,103.58391608391571,0.0,0,1
172,1.0,10.39534719183078,5,0.9429485195501909,0,0.0,0.25,29.079,27.42,1.0605032822757112,0.0,0,1
173,1.0,10.515855091383811,4,0.9188095059599671,0,0.0,0.2,26.677999999999997,24.512,1.0883648825065273,0.0,0,1
174,1.0,10.638632740423647,3,1.0,0,0.0,0.15000000000000002,27.098,27.098,1.0,0.0,0,1
175,1.0,10.265635215324288,6,0.8276703909009966,0,0.0,0.3,34.817,28.817,1.2082104313426103,0.0,0,1
176,1.0,10.279816536104233,6,0.7905849886082855,0,0.0,0.3,31.163,24.637,1.2648861468522954,0.0,0,1
177,1.0,10.636687043030085,3,0.819910569505184,0,0.0,0.15000000000000002,20.351,16.686,1.2196452115545966,0.0,0,1
178,1.0,10.516313937282229,4,1.0,0,0.0,0.2,28.7,28.7,1.0,0.0,0,1
179,0.0,-22.902385425753202,200,0.0,0,0.0,10.000000000000007,780.2980000000038,29.806,26.17922565926336,0.0,0,1
180,1.0,10.875,1,1.0,0,0.0,0.05,5.9,5.9,1.0,0.0,0,1
181,1.0,10.757388730309758,2,1.0,0,0.0,0.1,9.459,9.459,1.0,0.0,0,1
182,1.0,10.393175121379542,5,1.0,0,0.0,0.25,35.838,35.838,1.0,0.0,0,1
183,1.0,10.270895133113527,6,0.856721263095765,0,0.0,0.3,47.439,40.641999999999996,1.1672407853944198,0.0,0,1
184,1.0,10.152137748206675,7,0.8499301959814092,0,0.0,0.35,56.586999999999996,48.095,1.176567210728766,0.0,0,1
185,1.0,10.1548398230426,7,0.9769920077500606,0,0.0,0.35,53.67699999999999,52.44199999999999,1.0235498264749627,0.0,0,1
186,1.0,10.393643059490085,5,1.0,0,0.0,0.25,38.83,38.83,1.0,0.0,0,1
187,1.0,10.151493204433299,7,0.9485841454991941,0,0.0,0.35,52.124,49.443999999999996,1.0542027344066016,0.0,0,1
188,1.0,10.514393080922543,4,0.874318850715389,0,0.0,0.2,34.317,30.004,1.1437475003332889,0.0,0,1
189,1.0,10.276769037561365,6,0.9775015065955405,0,0.0,0.3,44.803000000000004,43.795,1.0230163260646192,0.0,0,1
190,1.0,10.39644307581302,5,0.9596656527437742,0,0.0,0.25,40.437,38.806,1.0420295830541668,0.0,0,1
191,1.0,10.51407525172231,4,0.9998940228910556,0,0.0,0.2,18.872,18.87,1.0001059883412824,0.0,0,1
192,1.0,10.757682057057057,2,1.0,0,0.0,0.1,10.656,10.656,1.0,0.0,0,1
193,1.0,10.515566297774303,4,0.8528173461511472,0,0.0,0.2,28.502,24.307,1.1725840292919736,0.0,0,1
194,1.0,10.040176267167276,8,0.9680165273447213,0,0.0,0.39999999999999997,52.277,50.605,1.0330402134176466,0.0,0,1
195,1.0,10.15759898088023,7,1.0,0,0.0,0.35,44.352000000000004,44.352000000000004,1.0,0.0,0,1
196,1.0,10.760344827586207,2,0.32584269662921345,0,0.0,0.1,8.9,2.9,3.0689655172413794,0.0,0,1
197,1.0,10.387803966378742,5,1.0,0,0.0,0.25,25.817,25.817,1.0,0.0,0,1
198,1.0,10.63945508292785,3,1.0,0,0.0,0.15000000000000002,19.113,19.113,1.0,0.0,0,1
199,1.0,10.875,1,1.0,0,0.0,0.05,6.05,6.05,1.0,0.0,0,1
