scenario_id,robot_id,robots,success,reward,steps,spl,collisions,deadlock,cumulative_risk,path_length,shortest_path_length,detour,disruption_applied
0,0,3,1.0,10.39186662846501,5,0.7987984551566301,0,0.0,0.25,34.955,27.922,1.2518802378053147,1.0
0,1,3,0.0,-23.201895022676663,200,0.0,0,0.0,10.000000000000007,498.51900000000256,34.617000000000004,14.400987953895557,1.0
0,2,3,1.0,10.278487322415154,6,1.0,0,0.0,0.3,40.544,40.544,1.0,1.0
1,0,3,0.0,-22.583637068631287,200,0.0,0,0.0,10.000000000000007,1073.8000000000031,12.895,83.27258627374977,1.0
1,1,3,0.0,-23.206689154348528,200,0.0,0,0.0,10.000000000000007,1370.077999999996,46.544,29.43618941216905,1.0
1,2,3,0.0,-23.02576433614417,200,0.0,0,0.0,10.000000000000007,1442.3450000000053,45.183,31.922293783060116,1.0
2,0,3,1.0,10.636147352997387,3,0.9237876647834276,0,0.0,0.15000000000000002,16.991999999999997,15.697,1.0824998407338982,1.0
2,1,3,1.0,10.272324204508998,6,0.8297918683446273,0,0.0,0.3,41.32,34.287,1.2051214746113688,1.0
2,2,3,1.0,9.792176630114374,10,0.6259594945677847,0,0.0,0.49999999999999994,67.744,42.405,1.597547459026058,1.0
3,0,3,0.0,-13.017078013445206,14,0.0,10,1.0,0.2,29.536,38.378,0.7696075876804419,1.0
3,1,3,0.0,-12.83379850517047,14,0.0,10,1.0,0.2,22.287999999999997,29.301,0.7606566328794239,1.0
3,2,3,1.0,10.875,1,1.0,0,0.0,0.05,11.85,11.85,1.0,1.0
4,0,3,0.0,-23.60299368280385,200,0.0,0,0.0,10.000000000000007,1079.890000000003,32.926,32.797485269999484,1.0
4,1,3,0.0,-23.09100816066975,200,0.0,0,0.0,10.000000000000007,1368.6089999999979,37.742000000000004,36.26222775687557,1.0
4,2,3,1.0,10.761845762711864,2,0.5623332062523827,0,0.0,0.1,10.492,5.9,1.7783050847457627,1.0
5,0,3,1.0,10.518268124665596,4,0.9604008093265247,0,0.0,0.2,31.137,29.904,1.0412319422150882,1.0
5,1,3,1.0,9.936997032078807,9,0.4607640606360383,0,0.0,0.44999999999999996,68.738,31.672,2.1703081586259154,1.0
5,2,3,0.0,-23.887953815435335,200,0.0,0,0.0,10.000000000000007,606.0649999999977,34.557,17.538125415979327,1.0
6,0,3,0.0,-23.31156540900301,200,0.0,0,0.0,10.000000000000007,1363.7529999999979,22.237,61.32810181229473,1.0
6,1,3,0.0,-22.830374307361797,200,0.0,0,0.0,10.000000000000007,1362.5830000000012,35.372,38.52151419201632,1.0
6,2,3,1.0,10.637152898756229,3,1.0,0,0.0,0.15000000000000002,24.683,24.683,1.0,1.0
7,0,3,1.0,10.274611035795667,6,0.9526020772654833,0,0.0,0.3,36.394,34.669,1.0497562664051459,1.0
7,1,3,0.0,-23.267517612554144,200,0.0,0,0.0,10.000000000000007,617.8259999999998,33.073,18.68067608018625,1.0
7,2,3,1.0,10.875,1,1.0,0,0.0,0.05,2.47,2.47,1.0,1.0
8,0,3,0.0,-23.801598996350453,200,0.0,0,0.0,10.000000000000007,791.0750000000039,21.92,36.089187956204555,1.0
8,1,3,1.0,10.875,1,1.0,0,0.0,0.05,8.186,8.186,1.0,1.0
8,2,3,1.0,10.395415754137796,5,0.9122261160056333,0,0.0,0.25,30.533,27.853,1.096219437762539,1.0
9,0,3,0.0,-23.009891320204286,200,0.0,0,0.0,10.000000000000007,1633.563999999996,27.42,59.57563822027702,1.0
9,1,3,0.0,-23.300543927476337,200,0.0,0,0.0,10.000000000000007,1632.4109999999957,30.004,54.40644580722556,1.0
9,2,3,1.0,10.875,1,1.0,0,0.0,0.05,3.0,3.0,1.0,1.0
10,0,3,1.0,10.38973252132854,5,0.8258153137185394,0,0.0,0.25,22.568,18.637,1.210924505016902,1.0
10,1,3,0.0,-22.663264796514763,200,0.0,0,0.0,10.000000000000007,1632.0639999999958,37.644,43.3552226118371,1.0
10,2,3,1.0,10.63399382560484,3,1.0,0,0.0,0.15000000000000002,15.872,15.872,1.0,1.0
11,0,3,1.0,10.04608826974049,8,0.6249831455263412,0,0.0,0.39999999999999997,51.915,32.446,1.6000431486161624,1.0
11,1,3,0.0,-23.00474271593131,200,0.0,0,0.0,10.000000000000007,762.0519999999974,25.089000000000002,30.373948742476678,1.0
11,2,3,0.0,-23.370655497126158,200,0.0,0,0.0,10.000000000000007,618.8039999999997,24.531,25.225388284211803,1.0
12,0,3,0.0,-23.13488257013432,200,0.0,0,0.0,10.000000000000007,1637.335999999996,52.541999999999994,31.162422442997908,1.0
12,1,3,1.0,10.513219402264312,4,0.8410578094679363,0,0.0,0.2,22.159,18.637,1.1889789129151687,1.0
12,2,3,0.0,-23.81250999809557,200,0.0,0,0.0,10.000000000000007,785.0100000000039,21.004,37.37430965530393,1.0
13,0,3,0.0,-23.03605258386215,200,0.0,0,0.0,10.000000000000007,1363.145999999996,11.03,123.58531278331787,1.0
13,1,3,1.0,10.273589216245014,6,0.8261581608630678,0,0.0,0.3,48.849,40.357,1.2104219837946328,1.0
13,2,3,0.0,-23.661116269680978,200,0.0,0,0.0,10.000000000000007,772.0389999999974,24.77,31.168308437626056,1.0
14,0,3,0.0,-23.451086711507013,200,0.0,0,0.0,10.000000000000007,2444.1720000000005,27.505,88.86282494091985,1.0
14,1,3,0.0,-23.096347447891038,200,0.0,0,0.0,10.000000000000007,1145.1679999999963,24.372,46.98703430165749,1.0
14,2,3,1.0,10.032247388705803,8,0.5986724406025848,0,0.0,0.39999999999999997,59.809,35.806,1.6703625090766911,1.0
15,0,3,1.0,9.688861261737866,11,0.5603646335136738,0,0.0,0.5499999999999999,53.972,30.244000000000003,1.7845523078957808,1.0
15,1,3,1.0,10.394359942466739,5,0.6358993902439024,0,0.0,0.25,26.240000000000002,16.686,1.572575812058013,1.0
15,2,3,1.0,10.277591254131405,6,0.662392339893182,0,0.0,0.3,41.565999999999995,27.533,1.5096792939381831,1.0
16,0,3,0.0,-23.880158455141125,200,0.0,0,0.0,10.000000000000007,626.818,31.744,19.74603074596774,1.0
16,1,3,0.0,-23.148294168163023,200,0.0,0,0.0,10.000000000000007,889.9459999999965,25.618000000000002,34.739089702552754,1.0
16,2,3,0.0,-23.16118803509144,200,0.0,0,0.0,10.000000000000007,1129.588999999996,18.921999999999997,59.697125039636205,1.0
17,0,3,1.0,10.52263339140299,4,0.7247981206871238,0,0.0,0.2,34.055,24.683,1.3796945265972531,1.0
17,1,3,1.0,9.698528894407367,11,0.3720549738219896,0,0.0,0.5499999999999999,103.90399999999998,38.658,2.687774846086191,1.0
17,2,3,1.0,10.39304612159329,5,0.8034811903425042,0,0.0,0.25,35.62,28.619999999999997,1.244584206848358,1.0
18,0,3,0.0,-23.29972275361115,200,0.0,0,0.0,10.000000000000007,2362.018999999991,36.069,65.48612381823702,1.0
18,1,3,1.0,10.513825572127976,4,0.7960302714460507,0,0.0,0.2,22.067,17.566,1.2562336331549586,1.0
18,2,3,1.0,10.515127772066382,4,1.0,0,0.0,0.2,27.236,27.236,1.0,1.0
19,0,3,1.0,10.397562486210482,5,1.0,0,0.0,0.25,31.727,31.727,1.0,1.0
19,1,3,0.0,-23.817919358431734,200,0.0,0,0.0,10.000000000000007,595.4399999999977,17.956,33.1610603697927,1.0
19,2,3,1.0,10.405032494584235,5,0.6602486522169656,0,0.0,0.25,36.356,24.004,1.5145809031828028,1.0
20,0,3,0.0,-23.418733426922437,200,0.0,0,0.0,10.000000000000007,2455.8550000000005,12.822,191.5344720012479,1.0
20,1,3,0.0,-23.03573653080108,200,0.0,0,0.0,10.000000000000007,2443.3570000000004,24.853,98.31235665714402,1.0
20,2,3,0.0,-23.356954821044376,200,0.0,0,0.0,10.000000000000007,2444.7620000000006,46.016999999999996,53.12736597344462,1.0
21,0,3,0.0,-23.44968323621801,200,0.0,0,0.0,10.000000000000007,1638.4749999999958,41.702999999999996,39.28913987003323,1.0
21,1,3,1.0,10.38973252132854,5,0.8258153137185394,0,0.0,0.25,22.568,18.637,1.210924505016902,1.0
21,2,3,1.0,10.63461245615536,3,0.9631674357284115,0,0.0,0.15000000000000002,12.136,11.689,1.038241081358542,1.0
22,0,3,0.0,-23.1730119888675,200,0.0,0,0.0,10.000000000000007,902.3299999999964,46.71,19.31770498822514,1.0
22,1,3,0.0,-23.23181557624344,200,0.0,0,0.0,10.000000000000007,1075.4770000000033,46.404,23.176385656409,1.0
22,2,3,1.0,10.5129328821207,4,0.7349638227313838,0,0.0,0.2,26.535999999999998,19.503,1.3606111880223555,1.0
23,0,3,0.0,-23.526574351056638,200,0.0,0,0.0,10.000000000000007,1367.6889999999978,31.089,43.992698382064326,1.0
23,1,3,1.0,10.875,1,1.0,0,0.0,0.05,11.85,11.85,1.0,1.0
23,2,3,1.0,10.393237231159743,5,0.9889748286857994,0,0.0,0.25,29.478,29.153,1.0111480808150106,1.0
24,0,3,0.0,-23.726300179077743,200,0.0,0,0.0,10.000000000000007,709.3190000000009,26.804000000000002,26.463177137740665,1.0
24,1,3,1.0,10.279377734841166,6,0.6875976867771179,0,0.0,0.3,51.184000000000005,35.194,1.4543388077513213,1.0
24,2,3,0.0,-23.86887186405837,200,0.0,0,0.0,10.000000000000007,1399.3890000000033,31.131,44.95162378336717,1.0
25,0,3,0.0,-23.293705337018128,200,0.0,0,0.0,10.000000000000007,1642.0819999999958,51.020999999999994,32.18443386056714,1.0
25,1,3,1.0,10.273927561495254,6,0.7447637181928337,0,0.0,0.3,34.662,25.815,1.3427077280650783,1.0
25,2,3,0.0,-23.45716740304373,200,0.0,0,0.0,10.000000000000007,2366.471999999991,38.702999999999996,61.14440741027805,1.0
26,0,3,0.0,-12.91940787198229,12,0.0,10,1.0,0.1,11.623000000000001,43.36899999999999,0.2680024902580185,1.0
26,1,3,0.0,-13.110574463587358,12,0.0,10,1.0,0.1,15.600999999999999,18.922,0.8244900116266779,1.0
26,2,3,1.0,10.519094973713948,4,0.7853752652903725,0,0.0,0.2,25.915,20.353,1.2732766668304425,1.0
27,0,3,0.0,-23.702050663449928,200,0.0,0,0.0,10.000000000000007,1396.6310000000033,8.290000000000001,168.47177322074828,1.0
27,1,3,0.0,-23.28400827549394,200,0.0,0,0.0,10.000000000000007,1636.3979999999958,52.443999999999996,31.202768667531004,1.0
27,2,3,0.0,-23.794204559495945,200,0.0,0,0.0,10.000000000000007,1393.6410000000033,32.372,43.05081551958493,1.0
28,0,3,0.0,-23.03598737710891,200,0.0,0,0.0,10.000000000000007,1637.199999999996,32.956,49.67835902415329,1.0
28,1,3,1.0,10.753301782962799,2,0.8943793680480363,0,0.0,0.1,10.158999999999999,9.086,1.1180937706361433,1.0
28,2,3,1.0,10.389643386104071,5,0.7451014052039139,0,0.0,0.25,40.777,30.383,1.3420992002106442,1.0
29,0,3,1.0,10.514098351525952,4,1.0,0,0.0,0.2,17.956,17.956,1.0,1.0
29,1,3,1.0,10.753571360563647,2,0.653781512605042,0,0.0,0.1,16.065,10.503,1.5295629820051415,1.0
29,2,3,0.0,-20.417039560439488,200,0.0,0,0.0,10.000000000000007,1132.1999999999962,4.55,248.835164835164,1.0
30,0,3,0.0,-12.909879561446573,12,0.0,10,1.0,0.1,17.897,30.555,0.5857306496481753,1.0
30,1,3,0.0,-23.663054224172736,200,0.0,0,0.0,10.000000000000007,1397.0190000000032,34.634,40.336634520991026,1.0
30,2,3,0.0,-12.756062055619578,12,0.0,10,1.0,0.1,20.636,45.991,0.4486964840947142,1.0
31,0,3,1.0,10.633741289610594,3,0.9625189681335355,0,0.0,0.15000000000000002,32.95,31.715,1.0389405644017027,1.0
31,1,3,1.0,10.875,1,1.0,0,0.0,0.05,6.0,6.0,1.0,1.0
31,2,3,1.0,10.752214705696403,2,1.0,0,0.0,0.1,15.817,15.817,1.0,1.0
32,0,3,1.0,10.394381024357608,5,1.0,0,0.0,0.25,40.357000000000006,40.357000000000006,1.0,1.0
32,1,3,1.0,10.04707056485009,8,0.6364115538688594,0,0.0,0.39999999999999997,56.916,36.222,1.5713102534371375,1.0
32,2,3,1.0,10.755566555183947,2,0.90562151684032,0,0.0,0.1,16.508,14.950000000000001,1.1042140468227424,1.0
33,0,3,0.0,-22.637633392977584,200,0.0,0,0.0,10.000000000000007,1182.1059999999998,34.091,34.67501686662168,1.0
33,1,3,0.0,-22.732640817686995,200,0.0,0,0.0,10.000000000000007,1362.1660000000013,18.002000000000002,75.66748139095662,1.0
33,2,3,1.0,10.154718350908803,7,0.8207280476666812,0,0.0,0.35,45.986,37.742,1.2184303958454772,1.0
34,0,3,1.0,10.26902059114049,6,0.6789970592787494,0,0.0,0.3,38.766,26.322,1.472760428538865,1.0
34,1,3,1.0,10.514223431030283,4,1.0,0,0.0,0.2,24.634,24.634,1.0,1.0
34,2,3,1.0,9.821630750541383,10,0.5823119627231765,0,0.0,0.49999999999999994,65.027,37.866,1.71729255796757,1.0
35,0,3,1.0,10.633416044836913,3,1.0,0,0.0,0.15000000000000002,30.689,30.689,1.0,1.0
35,1,3,0.0,-23.57853932584267,200,0.0,0,0.0,10.000000000000007,778.2530000000038,8.9,87.44415730337121,1.0
35,2,3,1.0,10.156217301792347,7,0.9681289692232535,0,0.0,0.35,51.175,49.544,1.0329202325205877,1.0
36,0,3,1.0,10.161220963319366,7,0.6108460006952564,0,0.0,0.35,63.286,38.658,1.6370738268922345,1.0
36,1,3,0.0,-23.205072266157735,200,0.0,0,0.0,10.000000000000007,2365.138999999991,25.668999999999997,92.13989637305666,1.0
36,2,3,0.0,-23.017699753125175,200,0.0,0,0.0,10.000000000000007,2352.4579999999914,25.519,92.18456836082886,1.0
37,0,3,0.0,-12.896899348857742,12,0.0,10,1.0,0.1,16.065,36.244,0.44324577861163234,1.0
37,1,3,1.0,10.875,1,1.0,0,0.0,0.05,7.139,7.139,1.0,1.0
37,2,3,0.0,-12.86315065338783,12,0.0,10,1.0,0.1,10.501000000000001,34.742000000000004,0.3022566346209199,1.0
38,0,3,0.0,-23.71124589998495,200,0.0,0,0.0,10.000000000000007,764.3449999999971,19.817,38.57016702830888,1.0
38,1,3,1.0,10.272703561699123,6,0.6486256544502618,0,0.0,0.3,30.56,19.822,1.5417213197457371,1.0
38,2,3,1.0,10.16140330882353,7,0.6016234987060671,0,0.0,0.35,45.211,27.2,1.6621691176470588,1.0
39,0,3,0.0,-22.91287298859561,200,0.0,0,0.0,10.000000000000007,494.00000000000256,32.005,15.435088267458289,1.0
39,1,3,1.0,10.395673189576012,5,0.8919674631418404,0,0.0,0.25,35.406,31.581,1.1211171273867198,1.0
39,2,3,1.0,10.636693384404408,3,1.0,0,0.0,0.15000000000000002,21.147,21.147,1.0,1.0
40,0,3,1.0,10.7562,2,0.5068275110999414,0,0.0,0.1,11.937,6.05,1.9730578512396695,1.0
40,1,3,1.0,10.513393152091425,4,1.0,0,0.0,0.2,22.401,22.401,1.0,1.0
40,2,3,1.0,10.63415794860132,3,1.0,0,0.0,0.15000000000000002,17.588,17.588,1.0,1.0
41,0,3,0.0,-23.903677595933708,200,0.0,0,0.0,10.000000000000007,605.9369999999976,35.806,16.922778305311894,1.0
41,1,3,0.0,-23.30590882472188,200,0.0,0,0.0,10.000000000000007,2363.8899999999912,44.397999999999996,53.24316410649109,1.0
41,2,3,1.0,9.688389641164521,11,0.42265813910231653,0,0.0,0.5499999999999999,69.89099999999999,29.54,2.3659783344617464,1.0
42,0,3,1.0,10.272346462209075,6,0.8135904499540862,0,0.0,0.3,31.581,25.694,1.2291196388261851,1.0
42,1,3,0.0,-23.253988227807817,200,0.0,0,0.0,10.000000000000007,702.6800000000007,12.572,55.89245943366217,1.0
42,2,3,1.0,10.394837813819152,5,0.7661711302768952,0,0.0,0.25,35.248,27.006,1.3051914389394947,1.0
43,0,3,1.0,10.1560713017475,7,1.0,0,0.0,0.35,53.504999999999995,53.504999999999995,1.0,1.0
43,1,3,1.0,10.632236514522821,3,0.6208779884583678,0,0.0,0.15000000000000002,19.407999999999998,12.05,1.6106224066390038,1.0
43,2,3,1.0,10.632394957983193,3,1.0,0,0.0,0.15000000000000002,11.9,11.9,1.0,1.0
44,0,3,0.0,-23.598680836236902,200,0.0,0,0.0,10.000000000000007,766.712999999997,28.700000000000003,26.71473867595808,1.0
44,1,3,1.0,10.875,1,1.0,0,0.0,0.05,5.9,5.9,1.0,1.0
44,2,3,0.0,-23.68141990358515,200,0.0,0,0.0,10.000000000000007,1083.698000000003,36.094,30.024325372638195,1.0
45,0,3,1.0,10.512470315530535,4,0.9815201745832753,0,0.0,0.2,21.537,21.139,1.0188277591182175,1.0
45,1,3,1.0,10.636788548625745,3,1.0,0,0.0,0.15000000000000002,22.303,22.303,1.0,1.0
45,2,3,1.0,10.275060798137249,6,0.9405073301295699,0,0.0,0.3,32.878,30.922,1.0632559342862686,1.0
46,0,3,1.0,10.754502939427967,2,1.0,0,0.0,0.1,15.139,15.139,1.0,1.0
46,1,3,1.0,10.636101742551997,3,1.0,0,0.0,0.15000000000000002,32.022,32.022,1.0,1.0
46,2,3,1.0,10.639310284718187,3,0.9058848299821034,0,0.0,0.15000000000000002,28.497,25.815,1.103893085415456,1.0
47,0,3,0.0,-23.45170345391384,200,0.0,0,0.0,10.000000000000007,1405.005,39.144,35.89324034334764,1.0
47,1,3,0.0,-23.804091601599666,200,0.0,0,0.0,10.000000000000007,1166.3570000000022,21.004,55.53023233669788,1.0
47,2,3,0.0,-23.7570034286475,200,0.0,0,0.0,10.000000000000007,713.1430000000009,30.041,23.738990046935886,1.0
48,0,3,1.0,10.754142265390659,2,0.6657474324838342,0,0.0,0.1,10.516,7.001,1.502071132695329,1.0
48,1,3,1.0,10.280159236567943,6,1.0,0,0.0,0.3,35.419000000000004,35.419000000000004,1.0,1.0
48,2,3,0.0,-23.385665419698682,200,0.0,0,0.0,10.000000000000007,2363.969999999991,39.028000000000006,60.57112842062086,1.0
49,0,3,1.0,10.274904022946238,6,0.795285722641399,0,0.0,0.3,34.194,27.194,1.257409722732956,1.0
49,1,3,1.0,10.39590571640683,5,0.8356819994682266,0,0.0,0.25,33.849,28.287,1.1966274260260896,1.0
49,2,3,1.0,10.755,2,1.0,0,0.0,0.1,6.0,6.0,1.0,1.0
50,0,3,1.0,10.394873239436619,5,0.934794773048945,0,0.0,0.25,30.381,28.4,1.0697535211267606,1.0
50,1,3,1.0,10.875,1,1.0,0,0.0,0.05,5.9,5.9,1.0,1.0
50,2,3,0.0,-22.65256522122334,200,0.0,0,0.0,10.000000000000007,1634.461999999996,22.692,72.02811563546607,1.0
51,0,3,0.0,-23.222838098059526,200,0.0,0,0.0,10.000000000000007,892.1949999999965,27.004,33.039364538586746,1.0
51,1,3,0.0,-23.07550756696973,200,0.0,0,0.0,10.000000000000007,2456.3060000000005,37.069,66.26307696457958,1.0
51,2,3,1.0,10.633901556365013,3,1.0,0,0.0,0.15000000000000002,21.139,21.139,1.0,1.0
52,0,3,0.0,-23.40038990988427,200,0.0,0,0.0,10.000000000000007,897.5109999999964,28.186,31.84243950897596,1.0
52,1,3,0.0,-23.32939147578747,200,0.0,0,0.0,10.000000000000007,902.3299999999964,45.141999999999996,19.988702317132525,1.0
52,2,3,0.0,-23.204148062797117,200,0.0,0,0.0,10.000000000000007,2458.8080000000004,34.715,70.82840270776322,1.0
53,0,3,1.0,10.636000000000001,3,1.0,0,0.0,0.15000000000000002,15.0,15.0,1.0,1.0
53,1,3,1.0,10.633975593181948,3,0.9367672802503846,0,0.0,0.15000000000000002,18.851,17.659,1.0675009909960926,1.0
53,2,3,1.0,10.516293257805124,4,0.9616492392461335,0,0.0,0.2,31.942,30.717,1.0398801966337858,1.0
54,0,3,1.0,0.4119396402628812,15,0.9550447350309703,9,0.0,0.3,36.325,34.692,1.04707137092125,1.0
54,1,3,0.0,-12.903735430049705,12,0.0,10,1.0,0.1,17.433,34.403,0.5067290643257856,1.0
54,2,3,0.0,-12.902669488511062,12,0.0,10,1.0,0.1,16.558999999999997,28.113999999999997,0.5889948068577933,1.0
55,0,3,0.0,-23.11161099661698,200,0.0,0,0.0,10.000000000000007,890.5999999999965,25.717,34.63078897227501,1.0
55,1,3,0.0,-23.25302794665153,200,0.0,0,0.0,10.000000000000007,1498.0679999999963,21.219,70.6003110419905,1.0
55,2,3,0.0,-23.577175937371187,200,0.0,0,0.0,10.000000000000007,1136.4029999999962,36.405,31.215574783683454,1.0
56,0,3,0.0,-23.886701731374618,200,0.0,0,0.0,10.000000000000007,1399.8860000000034,38.120000000000005,36.72313746065066,1.0
56,1,3,1.0,10.150032751383579,7,0.7745335569774906,0,0.0,0.35,48.291,37.403,1.2910996444135496,1.0
56,2,3,1.0,10.875,1,1.0,0,0.0,0.05,8.322,8.322,1.0,1.0
57,0,3,0.0,-23.170431712254647,200,0.0,0,0.0,10.000000000000007,1368.008999999996,21.241,64.40417117838125,1.0
57,1,3,1.0,10.756448333333333,2,0.6347862886161659,0,0.0,0.1,9.452,6.0,1.5753333333333333,1.0
57,2,3,1.0,10.515944093107295,4,0.7953085376162299,0,0.0,0.2,23.66,18.817,1.257373651485359,1.0
58,0,3,0.0,-22.83540873951431,200,0.0,0,0.0,10.000000000000007,759.0009999999975,18.239,41.614178408903854,1.0
58,1,3,0.0,-23.782648949723004,200,0.0,0,0.0,10.000000000000007,714.4410000000009,33.753,21.166740734156992,1.0
58,2,3,1.0,10.757711267605634,2,1.0,0,0.0,0.1,10.792,10.792,1.0,1.0
59,0,3,1.0,10.148424596845649,7,0.862580250687863,0,0.0,0.35,52.336,45.144,1.1593124224703173,1.0
59,1,3,1.0,10.155316379655588,7,0.8622237569060772,0,0.0,0.35,43.440000000000005,37.455,1.1597917501001203,1.0
59,2,3,0.0,-23.06716027417231,200,0.0,0,0.0,10.000000000000007,513.6880000000027,34.285,14.982878809975288,1.0
60,0,3,1.0,10.631728646135967,3,0.9058848299821034,0,0.0,0.15000000000000002,28.497,25.815,1.103893085415456,1.0
60,1,3,0.0,-23.356001892193497,200,0.0,0,0.0,10.000000000000007,899.5749999999965,41.221999999999994,21.82269176653235,1.0
60,2,3,0.0,-23.311003986633047,200,0.0,0,0.0,10.000000000000007,1490.0749999999964,34.114,43.67928123351107,1.0
61,0,3,0.0,-23.33392102114077,200,0.0,0,0.0,10.000000000000007,1403.156,32.591,43.05348102236813,1.0
61,1,3,1.0,10.39327917282127,5,1.0,0,0.0,0.25,24.372,24.372,1.0,1.0
61,2,3,0.0,-23.25281315304249,200,0.0,0,0.0,10.000000000000007,1173.305999999998,32.54,36.057344806392074,1.0
62,0,3,0.0,-22.78946576825897,200,0.0,0,0.0,10.000000000000007,2361.900999999991,33.244,71.04743713151218,1.0
62,1,3,0.0,-23.091614492954754,200,0.0,0,0.0,10.000000000000007,997.9839999999965,28.814,34.63538557645577,1.0
62,2,3,1.0,10.513102088424795,4,0.6339883090358476,0,0.0,0.2,28.398000000000003,18.004,1.5773161519662298,1.0
63,0,3,0.0,-23.366943045331272,200,0.0,0,0.0,10.000000000000007,768.3149999999974,33.553,22.898548564956858,1.0
63,1,3,1.0,10.514047402642802,4,0.4712685337726524,0,0.0,0.2,30.35,14.303,2.1219324617213173,1.0
63,2,3,1.0,10.272348441326761,6,0.8253187932024056,0,0.0,0.3,40.073,33.073,1.2116530100081637,1.0
64,0,3,0.0,-23.26804667519188,200,0.0,0,0.0,10.000000000000007,766.9859999999974,40.664,18.861548298249,1.0
64,1,3,1.0,10.631987246225924,3,1.0,0,0.0,0.15000000000000002,23.052,23.052,1.0,1.0
64,2,3,1.0,10.154065118928155,7,0.8370641118779514,0,0.0,0.35,44.048,36.871,1.1946516232269262,1.0
65,0,3,0.0,-23.71163292510208,200,0.0,0,0.0,10.000000000000007,608.6609999999977,24.006,25.354536365908427,1.0
65,1,3,1.0,10.156013338307995,7,0.9775155913782415,0,0.0,0.35,54.837999999999994,53.605000000000004,1.0230015856729782,1.0
65,2,3,1.0,10.514438715252773,4,0.9656467315716273,0,0.0,0.2,35.95,34.715,1.035575399683134,1.0
66,0,3,0.0,-23.106152650259567,200,0.0,0,0.0,10.000000000000007,770.0989999999974,34.091,22.589510427972115,1.0
66,1,3,1.0,10.15496088086445,7,0.787619581142808,0,0.0,0.35,46.412,36.555,1.2696484749008343,1.0
66,2,3,0.0,-23.105024884571584,200,0.0,0,0.0,10.000000000000007,1360.0860000000014,33.354,40.77729807519342,1.0
67,0,3,0.0,-23.78255406214645,200,0.0,0,0.0,10.000000000000007,604.2889999999976,30.058,20.10409874243122,1.0
67,1,3,0.0,-12.794222115296492,13,0.0,10,1.0,0.15000000000000002,23.636,43.644,0.5415635597103841,1.0
67,2,3,0.0,-12.917990288047676,13,0.0,10,1.0,0.15000000000000002,13.503,36.244,0.3725582165323916,1.0
68,0,3,1.0,10.159165952046102,7,0.6104189786218304,0,0.0,0.35,47.759,29.153,1.6382190512125683,1.0
68,1,3,1.0,9.803102990573194,10,0.6183584589614739,0,0.0,0.49999999999999994,59.7,36.916,1.6171849604507533,1.0
68,2,3,0.0,-23.346190581963626,200,0.0,0,0.0,10.000000000000007,1130.6999999999962,18.008,62.78876055086607,1.0
69,0,3,0.0,-23.51362928616406,200,0.0,0,0.0,10.000000000000007,1139.7169999999962,34.938,32.621128856831994,1.0
69,1,3,0.0,-22.921923291263706,200,0.0,0,0.0,10.000000000000007,1360.897999999996,30.505,44.612293066710244,1.0
69,2,3,0.0,-23.657267955637277,200,0.0,0,0.0,10.000000000000007,899.5439999999965,33.722,26.6752861633354,1.0
70,0,3,0.0,-22.940831801197998,200,0.0,0,0.0,10.000000000000007,754.7979999999972,33.722,22.382954747642405,1.0
70,1,3,0.0,-23.162916620934425,200,0.0,0,0.0,10.000000000000007,2454.9390000000003,27.333,89.81593677971684,1.0
70,2,3,0.0,-23.479770538339338,200,0.0,0,0.0,10.000000000000007,1138.3109999999963,29.591,38.4681490993882,1.0
71,0,3,0.0,-12.613490195036404,11,0.0,10,1.0,0.05,12.314,18.817,0.6544082478609767,1.0
71,1,3,0.0,-23.06397179535492,200,0.0,0,0.0,10.000000000000007,755.4399999999971,37.157000000000004,20.331027800952633,1.0
71,2,3,0.0,-12.836281130805475,11,0.0,10,1.0,0.05,8.95,44.57,0.20080771819609602,1.0
72,0,3,1.0,10.39140681242501,5,0.8101088101088102,0,0.0,0.25,37.037,30.004,1.2344020797227035,1.0
72,1,3,1.0,10.02856676061959,8,0.8781679188662301,0,0.0,0.39999999999999997,45.653,40.091,1.1387343792871218,1.0
72,2,3,1.0,10.752288732394366,2,1.0,0,0.0,0.1,10.792,10.792,1.0,1.0
73,0,3,1.0,10.393643059490085,5,1.0,0,0.0,0.25,38.83,38.83,1.0,1.0
73,1,3,0.0,-13.01918588235294,14,0.0,10,1.0,0.2,28.308,38.25,0.740078431372549,1.0
73,2,3,0.0,-13.13006676179798,14,0.0,10,1.0,0.2,35.637,39.244,0.9080878605646723,1.0
74,0,3,0.0,-13.068002234768288,14,0.0,10,1.0,0.2,28.061,34.008,0.8251293813220418,1.0
74,1,3,1.0,10.516584986789619,4,0.7241521608643458,0,0.0,0.2,26.656,19.303,1.380925244780604,1.0
74,2,3,0.0,-22.921829650798102,200,0.0,0,0.0,10.000000000000007,1781.737000000006,28.694,62.094409981180945,1.0
75,0,3,0.0,-12.94486383699303,12,0.0,10,1.0,0.1,10.656,36.022999999999996,0.2958110096327347,1.0
75,1,3,0.0,-12.573077273614997,12,0.0,10,1.0,0.1,19.303,30.722,0.6283119588568452,1.0
75,2,3,0.0,-23.866552986062402,200,0.0,0,0.0,10.000000000000007,1168.9870000000024,25.686,45.51066728957418,1.0
76,0,3,1.0,10.397029890276201,5,0.7512791358726549,0,0.0,0.25,28.144,21.144,1.331063185773742,1.0
76,1,3,0.0,-23.041260367144336,200,0.0,0,0.0,10.000000000000007,902.1550000000017,28.817,31.306346947982153,1.0
76,2,3,0.0,-23.208092930516738,200,0.0,0,0.0,10.000000000000007,898.4609999999965,39.621,22.67638373589754,1.0
77,0,3,0.0,-23.81681948939227,200,0.0,0,0.0,10.000000000000007,589.9369999999977,16.686,35.35520795876769,1.0
77,1,3,0.0,-23.66666666666672,200,0.0,0,0.0,10.000000000000007,752.4489999999971,9.0,83.60544444444412,1.0
77,2,3,0.0,-23.244791380352943,200,0.0,0,0.0,10.000000000000007,1363.224999999996,18.191,74.93953053707857,1.0
78,0,3,0.0,-23.063802169273732,200,0.0,0,0.0,10.000000000000007,579.9999999999978,45.452999999999996,12.760433854751016,1.0
78,1,3,1.0,10.875,1,1.0,0,0.0,0.05,6.85,6.85,1.0,1.0
78,2,3,0.0,-23.207953895561154,200,0.0,0,0.0,10.000000000000007,604.159,22.730999999999998,26.578637103515025,1.0
79,0,3,0.0,-23.137756049260425,200,0.0,0,0.0,10.000000000000007,903.0,32.318,27.941085463209358,1.0
79,1,3,0.0,-23.25274786618668,200,0.0,0,0.0,10.000000000000007,1376.9359999999976,49.442,27.849520650459077,1.0
79,2,3,0.0,-23.01639369234074,200,0.0,0,0.0,10.000000000000007,1138.3499999999963,46.60999999999999,24.42287062862039,1.0
80,0,3,1.0,10.169378532238769,7,0.5817653835077278,0,0.0,0.35,41.668,24.241,1.7189059857266615,1.0
80,1,3,0.0,-22.795911819973444,200,0.0,0,0.0,10.000000000000007,890.5999999999965,21.819000000000003,40.8176360053163,1.0
80,2,3,0.0,-22.944066120164916,200,0.0,0,0.0,10.000000000000007,1179.0579999999995,40.744,28.938199489495375,1.0
81,0,3,0.0,-12.897365026628227,13,0.0,10,1.0,0.15000000000000002,23.250999999999998,40.934,0.5680119216299409,1.0
81,1,3,0.0,-12.942425958663438,13,0.0,10,1.0,0.15000000000000002,22.702999999999996,45.818999999999996,0.4954931360352692,1.0
81,2,3,0.0,-23.86849641911884,200,0.0,0,0.0,10.000000000000007,785.8290000000038,25.692,30.58652498832336,1.0
82,0,3,0.0,-22.73790879778907,200,0.0,0,0.0,10.000000000000007,1365.599999999996,26.052,52.418240442192385,1.0
82,1,3,0.0,-23.41829037133877,200,0.0,0,0.0,10.000000000000007,614.636,48.958,12.554352710486539,1.0
82,2,3,0.0,-23.571596343644433,200,0.0,0,0.0,10.000000000000007,1132.5889999999963,30.194,37.51039941710261,1.0
83,0,3,1.0,10.637375574699817,3,0.9478338128278896,0,0.0,0.15000000000000002,23.636,22.403,1.0550372717939562,1.0
83,1,3,1.0,10.522673591823132,4,0.6339178815409536,0,0.0,0.2,28.398,18.002000000000002,1.5774913898455725,1.0
83,2,3,1.0,10.394837813819152,5,0.7661711302768952,0,0.0,0.25,35.248,27.006,1.3051914389394947,1.0
84,0,3,1.0,10.26834664581355,6,0.8243202799456683,0,0.0,0.3,43.437000000000005,35.806,1.2131207060269231,1.0
84,1,3,1.0,10.393976651891558,5,0.9596161930904864,0,0.0,0.25,40.437000000000005,38.804,1.0420832903824349,1.0
84,2,3,1.0,10.514879324693853,4,0.7955921301551268,0,0.0,0.2,21.144,16.822,1.2569254547616215,1.0
85,0,3,1.0,10.39660778859527,5,0.8727052040661508,0,0.0,0.25,32.955,28.759999999999998,1.1458623087621698,1.0
85,1,3,1.0,10.153741571674779,7,0.7861421440456382,0,0.0,0.35,42.07,33.073,1.2720345901490642,1.0
85,2,3,0.0,-23.51709401709403,200,0.0,0,0.0,10.000000000000007,1394.5620000000033,7.254,192.24731182795745,1.0
86,0,3,1.0,10.633895782677957,3,0.9507752401450835,0,0.0,0.15000000000000002,25.089,23.854,1.0517732874989518,1.0
86,1,3,1.0,10.753571360563647,2,0.653781512605042,0,0.0,0.1,16.065,10.503,1.5295629820051415,1.0
86,2,3,1.0,10.755497060572033,2,1.0,0,0.0,0.1,15.139,15.139,1.0,1.0
87,0,3,1.0,10.514037900453534,4,1.0,0,0.0,0.2,34.617,34.617,1.0,1.0
87,1,3,1.0,9.802992591483948,10,0.6332375055285272,0,0.0,0.49999999999999994,63.308,40.089,1.5791863104592283,1.0
87,2,3,1.0,10.154178301418245,7,0.7587564115984506,0,0.0,0.35,47.765,36.242,1.3179460294685725,1.0
88,0,3,1.0,10.059759249250725,8,0.396180873221342,0,0.0,0.39999999999999997,51.373,20.353,2.524099641330516,1.0
88,1,3,1.0,10.755020746887967,2,1.0,0,0.0,0.1,12.05,12.05,1.0,1.0
88,2,3,1.0,10.393371280598036,5,1.0,0,0.0,0.25,40.934000000000005,40.934000000000005,1.0,1.0
89,0,3,0.0,-23.24047406652225,200,0.0,0,0.0,10.000000000000007,2363.810999999991,23.540999999999997,100.41251433668882,1.0
89,1,3,1.0,10.390051247771835,5,0.8128226025536538,0,0.0,0.25,44.172000000000004,35.903999999999996,1.2302807486631018,1.0
89,2,3,0.0,-23.83639322469979,200,0.0,0,0.0,10.000000000000007,1407.0440000000033,23.32,60.33636363636378,1.0
90,0,3,0.0,-23.18187652895737,200,0.0,0,0.0,10.000000000000007,768.2669999999974,36.381,21.117259008823215,1.0
90,1,3,0.0,-12.829562511697548,11,0.0,10,1.0,0.05,4.453,21.372,0.20835672842972114,1.0
90,2,3,0.0,-13.115431076473453,11,0.0,10,1.0,0.05,7.501,28.742,0.2609769675040011,1.0
91,0,3,1.0,10.517749510134593,4,1.0,0,0.0,0.2,31.131,31.131,1.0,1.0
91,1,3,0.0,-23.13160458903034,200,0.0,0,0.0,10.000000000000007,497.3500000000026,31.815,15.632563256325714,1.0
91,2,3,1.0,10.160332610728556,7,0.8822305139407123,0,0.0,0.35,53.333,47.05200000000001,1.1334906061378898,1.0
92,0,3,1.0,10.040660873391266,8,0.73682930782947,0,0.0,0.39999999999999997,61.69,45.455,1.3571664283357165,1.0
92,1,3,1.0,10.514937834161156,4,1.0,0,0.0,0.2,31.609,31.609,1.0,1.0
92,2,3,0.0,-23.49999999999998,200,0.0,0,0.0,10.000000000000007,749.4489999999971,6.0,124.90816666666619,1.0
93,0,3,1.0,10.514246581524437,4,0.9895944980350124,0,0.0,0.2,22.392,22.159,1.0105149149329844,1.0
93,1,3,0.0,-23.45022038659628,200,0.0,0,0.0,10.000000000000007,637.566,29.902,21.321851381178515,1.0
93,2,3,0.0,-23.166228820708053,200,0.0,0,0.0,10.000000000000007,893.1469999999965,41.491,21.52628280831979,1.0
94,0,3,0.0,-23.739868321572537,200,0.0,0,0.0,10.000000000000007,758.5739999999971,31.744,23.896610383064424,1.0
94,1,3,0.0,-23.41336213286977,200,0.0,0,0.0,10.000000000000007,1635.892999999996,39.120999999999995,41.816236803762585,1.0
94,2,3,1.0,10.395803199404762,5,1.0,0,0.0,0.25,26.88,26.88,1.0,1.0
95,0,3,0.0,-22.890803382663787,200,0.0,0,0.0,10.000000000000007,2361.900999999991,18.92,124.8362050739953,1.0
95,1,3,1.0,10.025877307300428,8,0.8775836972343523,0,0.0,0.39999999999999997,48.09,42.203,1.1394924531431414,1.0
95,2,3,1.0,9.923931991090283,9,0.5233445362884913,0,0.0,0.44999999999999996,66.054,34.569,1.910787121409355,1.0
96,0,3,0.0,-12.888119232279596,13,0.0,10,1.0,0.15000000000000002,19.183,40.744,0.47081778912232475,1.0
96,1,3,1.0,0.19379285619439734,17,0.6795459467263409,9,0.0,0.39999999999999997,55.41199999999999,37.655,1.4715708405258263,1.0
96,2,3,0.0,-13.058707328305799,13,0.0,10,1.0,0.15000000000000002,18.239,34.742000000000004,0.5249841690173277,1.0
97,0,3,1.0,10.51713602023724,4,0.9595552056681755,0,0.0,0.2,30.486,29.253,1.0421495231258333,1.0
97,1,3,0.0,-23.13160458903034,200,0.0,0,0.0,10.000000000000007,497.3500000000026,31.815,15.632563256325714,1.0
97,2,3,1.0,10.875,1,1.0,0,0.0,0.05,2.9,2.9,1.0,1.0
98,0,3,0.0,-23.80756277440677,200,0.0,0,0.0,10.000000000000007,716.6380000000009,40.541999999999994,17.67643431503135,1.0
98,1,3,1.0,10.754463507109005,2,0.8181465684373789,0,0.0,0.1,12.895,10.55,1.2222748815165876,1.0
98,2,3,1.0,10.875,1,1.0,0,0.0,0.05,3.0,3.0,1.0,1.0
99,0,3,0.0,-23.110967400570217,200,0.0,0,0.0,10.000000000000007,1161.0219999999993,34.019,34.12863399864779,1.0
99,1,3,1.0,10.52263339140299,4,0.7247981206871238,0,0.0,0.2,34.055,24.683,1.3796945265972531,1.0
99,2,3,1.0,10.39863107174688,5,0.901680102463648,0,0.0,0.25,39.819,35.904,1.1090407754010694,1.0
100,0,3,0.0,-22.905811698000562,200,0.0,0,0.0,10.000000000000007,2369.9999999999914,26.808,88.40644583706325,1.0
100,1,3,1.0,9.916950343187056,9,0.735274290815676,0,0.0,0.44999999999999996,54.887,40.357000000000006,1.3600366726961863,1.0
100,2,3,1.0,10.635375194513285,3,1.0,0,0.0,0.15000000000000002,17.351,17.351,1.0,1.0
101,0,3,0.0,-23.279652686762773,200,0.0,0,0.0,10.000000000000007,2457.3140000000003,24.415999999999997,100.64359436435127,1.0
101,1,3,0.0,-23.57859213250517,200,0.0,0,0.0,10.000000000000007,1001.9459999999965,27.531,36.3933747412007,1.0
101,2,3,1.0,10.396280830173147,5,1.0,0,0.0,0.25,34.016999999999996,34.016999999999996,1.0,1.0
102,0,3,0.0,-13.05216238933094,13,0.0,10,1.0,0.15000000000000002,18.360999999999997,26.769,0.6859053382644102,1.0
102,1,3,0.0,-12.922505207840167,13,0.0,10,1.0,0.15000000000000002,19.183,42.244,0.4540999905311997,1.0
102,2,3,1.0,10.393996469809517,5,0.8301990475027475,0,0.0,0.25,32.756,27.194,1.2045304111201,1.0
103,0,3,1.0,10.635382192610539,3,1.0,0,0.0,0.15000000000000002,16.509999999999998,16.509999999999998,1.0,1.0
103,1,3,1.0,10.14873450249665,7,0.873250521121368,0,0.0,0.35,47.014,41.055,1.1451467543539156,1.0
103,2,3,1.0,10.875,1,1.0,0,0.0,0.05,8.322,8.322,1.0,1.0
104,0,3,1.0,9.826695588178332,10,0.3353118424812323,0,0.0,0.49999999999999994,76.994,25.817,2.9822984854940544,1.0
104,1,3,0.0,-23.845125623760566,200,0.0,0,0.0,10.000000000000007,724.765000000001,45.891,15.79318384868495,1.0
104,2,3,1.0,10.040607542689132,8,0.5895333333333334,0,0.0,0.39999999999999997,60.0,35.372,1.6962569263824494,1.0
105,0,3,0.0,-23.167075072399246,200,0.0,0,0.0,10.000000000000007,600.0,17.956,33.415014479839606,1.0
105,1,3,0.0,-12.77054142941292,12,0.0,10,1.0,0.1,18.134,40.744,0.4450716669939132,1.0
105,2,3,0.0,-12.751769894776636,12,0.0,10,1.0,0.1,16.183,31.742,0.5098292483145359,1.0
106,0,3,1.0,10.875,1,1.0,0,0.0,0.05,7.0,7.0,1.0,1.0
106,1,3,1.0,10.394565955040294,5,0.702941761081296,0,0.0,0.25,30.186,21.219,1.422592959140393,1.0
106,2,3,1.0,10.153013122399525,7,0.9102486733950681,0,0.0,0.35,48.055,43.742,1.0986008870193407,1.0
107,0,3,1.0,9.687180852497912,11,0.5138182775291951,0,0.0,0.5499999999999999,72.187,37.091,1.9462133671241,1.0
107,1,3,1.0,10.396520694465973,5,0.9613053844625472,0,0.0,0.25,40.263999999999996,38.705999999999996,1.0402521572882757,1.0
107,2,3,1.0,10.271012964396286,6,0.658973541600255,0,0.0,0.3,47.055,31.008,1.5175116099071209,1.0
108,0,3,1.0,8.935536505404926,9,0.8193252146136953,1,0.0,0.39999999999999997,55.099,45.144,1.2205165692007798,1.0
108,1,3,0.0,-24.16761243955751,200,0.0,1,0.0,9.950000000000006,1489.2609999999963,30.194000000000003,49.323077432602375,1.0
108,2,3,1.0,10.637375786795232,3,0.9477491961414791,0,0.0,0.15000000000000002,23.636,22.401,1.0551314673452077,1.0
109,0,3,0.0,-12.993812672027634,12,0.0,10,1.0,0.1,17.897,37.058,0.48294565276053747,1.0
109,1,3,0.0,-12.711592667456614,12,0.0,10,1.0,0.1,16.183,28.694,0.563985502195581,1.0
109,2,3,0.0,-23.16335357680208,200,0.0,0,0.0,10.000000000000007,897.7589999999965,36.555,24.559130077964614,1.0
110,0,3,0.0,-13.302687858611275,14,0.0,10,1.0,0.2,17.353,32.590999999999994,0.5324476082354026,1.0
110,1,3,0.0,-23.265972356778395,200,0.0,0,0.0,10.000000000000007,997.9539999999964,15.482999999999999,64.45482141703782,1.0
110,2,3,0.0,-13.279933257489574,14,0.0,10,1.0,0.2,26.664,39.555,0.6740993553280243,1.0
111,0,3,0.0,-12.733041112454654,11,0.0,10,1.0,0.05,12.314,38.869,0.31680773881499397,1.0
111,1,3,0.0,-32.13398904434223,200,0.0,9,0.0,9.55,1087.5989999999958,48.103,22.609795646841068,1.0
111,2,3,0.0,-12.716225189904435,11,0.0,10,1.0,0.05,6.85,20.405,0.33570203381524133,1.0
112,0,3,0.0,-12.733864705882354,11,0.0,10,1.0,0.05,5.74,11.9,0.4823529411764706,1.0
112,1,3,0.0,-22.81294334004732,200,0.0,0,0.0,10.000000000000007,750.1999999999971,11.419,65.69752167440205,1.0
112,2,3,0.0,-13.143775048705816,11,0.0,10,1.0,0.05,7.159,28.744,0.2490606735318675,1.0
113,0,3,0.0,-23.691457211250718,200,0.0,0,0.0,10.000000000000007,1147.4339999999963,33.42,34.33375224416506,1.0
113,1,3,0.0,-22.94997444782811,200,0.0,0,0.0,10.000000000000007,1158.8999999999992,28.569,40.564948020581724,1.0
113,2,3,0.0,-23.246661611733785,200,0.0,0,0.0,10.000000000000007,610.183,42.203,14.458284956045777,1.0
114,0,3,1.0,10.272983415666902,6,1.0,0,0.0,0.3,34.008,34.008,1.0,1.0
114,1,3,0.0,-23.133889474861732,200,0.0,0,0.0,10.000000000000007,497.3500000000026,31.287,15.896378687633925,1.0
114,2,3,1.0,10.391733786287833,5,0.8534078330082757,0,0.0,0.25,37.942,32.379999999999995,1.1717726991970354,1.0
115,0,3,0.0,-13.122647719537099,12,0.0,10,1.0,0.1,20.171999999999997,29.38,0.6865895166780122,1.0
115,1,3,1.0,10.400785618769754,5,0.8287952444522809,0,0.0,0.25,39.701,32.904,1.2065706297106733,1.0
115,2,3,0.0,-12.911287966058836,12,0.0,10,1.0,0.1,17.433,35.591,0.48981484083054705,1.0
116,0,3,0.0,-23.191711526496526,200,0.0,0,0.0,10.000000000000007,1119.339,36.967,30.2794113668948,1.0
116,1,3,1.0,10.875,1,1.0,0,0.0,0.05,3.05,3.05,1.0,1.0
116,2,3,1.0,10.392627430226728,5,0.8511011544935164,0,0.0,0.25,42.183,35.902,1.1749484708372793,1.0
117,0,3,0.0,-23.180524144625146,200,0.0,0,0.0,10.000000000000007,762.7049999999974,37.089,20.564183450618714,1.0
117,1,3,0.0,-23.220142477999627,200,0.0,0,0.0,10.000000000000007,753.2659999999971,7.159,105.21944405643207,1.0
117,2,3,1.0,10.641958271836844,3,0.3171489361702128,0,0.0,0.15000000000000002,23.5,7.453,3.1530927143432175,1.0
118,0,3,0.0,-23.61271918377024,200,0.0,0,0.0,10.000000000000007,1392.6610000000032,25.287,55.07418831810825,1.0
118,1,3,1.0,10.149148462149858,7,0.8744892371203504,0,0.0,0.35,47.478,41.519,1.1435246513644357,1.0
118,2,3,1.0,10.875,1,1.0,0,0.0,0.05,6.85,6.85,1.0,1.0
119,0,3,1.0,10.757642276422764,2,1.0,0,0.0,0.1,16.113,16.113,1.0,1.0
119,1,3,1.0,10.279153464554328,6,1.0,0,0.0,0.3,37.494,37.494,1.0,1.0
119,2,3,1.0,10.875,1,1.0,0,0.0,0.05,6.0,6.0,1.0,1.0
120,0,3,0.0,-23.139638982143744,200,0.0,0,0.0,10.000000000000007,2456.2260000000006,41.106,59.753466647204796,1.0
120,1,3,1.0,10.755475585284282,2,0.9056215168403199,0,0.0,0.1,16.508,14.95,1.1042140468227424,1.0
120,2,3,1.0,10.394726609740902,5,0.811292144853422,0,0.0,0.25,33.634,27.287,1.2326016051599664,1.0
121,0,3,0.0,-12.929541965117398,12,0.0,10,1.0,0.1,10.74,31.133,0.34497157357145153,1.0
121,1,3,0.0,-12.707994771112865,12,0.0,10,1.0,0.1,19.303,40.544,0.4761000394632992,1.0
121,2,3,1.0,10.39550643587957,5,1.0,0,0.0,0.25,27.269,27.269,1.0,1.0
122,0,3,0.0,-12.922467129853567,13,0.0,10,1.0,0.15000000000000002,15.369,22.741,0.6758278000087947,1.0
122,1,3,0.0,-12.876387995049507,13,0.0,10,1.0,0.15000000000000002,16.508,32.32,0.5107673267326732,1.0
122,2,3,0.0,-12.917718828277206,13,0.0,10,1.0,0.15000000000000002,23.987000000000002,28.744,0.8345045922627332,1.0
123,0,3,0.0,-12.871052895396389,12,0.0,10,1.0,0.1,20.455,37.905,0.5396385701094841,1.0
123,1,3,0.0,-23.335988538057556,200,0.0,0,0.0,10.000000000000007,771.5049999999974,45.891,16.811684208232496,1.0
123,2,3,0.0,-12.720513291360618,12,0.0,10,1.0,0.1,16.065,22.872,0.7023871983210913,1.0
124,0,3,0.0,-23.696106949168122,200,0.0,0,0.0,10.000000000000007,635.821,43.516,14.61120047798511,1.0
124,1,3,0.0,-22.843199878861334,200,0.0,0,0.0,10.000000000000007,1623.9280000000037,16.509999999999998,98.36026650514863,1.0
124,2,3,1.0,10.516023396843146,4,0.9209046261089987,0,0.0,0.2,25.247999999999998,23.250999999999998,1.0858887789772482,1.0
125,0,3,0.0,-12.890664606656197,12,0.0,10,1.0,0.1,12.369,19.741,0.6265640038498557,1.0
125,1,3,0.0,-12.771089017911184,12,0.0,10,1.0,0.1,18.054000000000002,44.609,0.40471653702167726,1.0
125,2,3,1.0,10.875,1,1.0,0,0.0,0.05,4.5,4.5,1.0,1.0
126,0,3,1.0,10.276787858159539,6,0.8497357557910235,0,0.0,0.3,38.033,32.318,1.1768364378983849,1.0
126,1,3,1.0,10.754533699857461,2,1.0,0,0.0,0.1,9.822,9.822,1.0,1.0
126,2,3,0.0,-23.130854863037044,200,0.0,0,0.0,10.000000000000007,2429.9300000000007,41.106,59.11375468301466,1.0
127,0,3,0.0,-23.180101015306953,200,0.0,0,0.0,10.000000000000007,2457.4750000000004,38.806,63.327191671391034,1.0
127,1,3,0.0,-23.508337834603907,200,0.0,0,0.0,10.000000000000007,902.3299999999964,29.250999999999998,30.84783426207639,1.0
127,2,3,0.0,-23.321419274200505,200,0.0,0,0.0,10.000000000000007,1642.0819999999958,46.403999999999996,35.38664770278415,1.0
128,0,3,0.0,-23.24032512082196,200,0.0,0,0.0,10.000000000000007,1133.7479999999962,29.589,38.316536550745084,1.0
128,1,3,0.0,-23.15973558711323,200,0.0,0,0.0,10.000000000000007,889.1469999999965,18.872,47.11461424332326,1.0
128,2,3,0.0,-23.54512158590309,200,0.0,0,0.0,10.000000000000007,1626.944999999996,22.7,71.67158590308352,1.0
129,0,3,0.0,-23.03422173612712,200,0.0,0,0.0,10.000000000000007,2454.3550000000005,34.744,70.64111789085887,1.0
129,1,3,1.0,10.754031841652322,2,1.0,0,0.0,0.1,13.943999999999999,13.943999999999999,1.0,1.0
129,2,3,0.0,-23.33149678902524,200,0.0,0,0.0,10.000000000000007,1076.7580000000032,40.019,26.90616956945459,1.0
130,0,3,0.0,-23.15133824067297,200,0.0,0,0.0,10.000000000000007,1368.126999999996,43.744,31.275763533284476,1.0
130,1,3,0.0,-23.148501058646424,200,0.0,0,0.0,10.000000000000007,1632.8779999999958,39.201,41.653988418662685,1.0
130,2,3,1.0,9.91748371476336,9,0.8505099039027262,0,0.0,0.44999999999999996,40.791999999999994,34.694,1.1757652620049575,1.0
131,0,3,0.0,-12.983548773647444,15,0.0,10,1.0,0.25,37.305,39.221999999999994,0.9511243689765949,1.0
131,1,3,0.0,-13.052782112581031,15,0.0,10,1.0,0.25,43.811,34.091,1.2851192396820275,1.0
131,2,3,1.0,10.276445476333134,6,0.9372455426084515,0,0.0,0.3,42.738,40.056,1.066956261234272,1.0
132,0,3,0.0,-23.878086351181206,200,0.0,0,0.0,10.000000000000007,768.643999999997,27.006,28.461971413759795,1.0
132,1,3,1.0,10.754069451980467,2,0.7256619746037997,0,0.0,0.1,10.158999999999999,7.372,1.3780520889853498,1.0
132,2,3,0.0,-22.818369233861528,200,0.0,0,0.0,10.000000000000007,2444.9710000000005,29.851,81.90583230042546,1.0
133,0,3,0.0,-23.076387496162816,200,0.0,0,0.0,10.000000000000007,1644.527999999996,39.092,42.06814693543426,1.0
133,1,3,0.0,-22.858780760626427,200,0.0,0,0.0,10.000000000000007,910.1360000000017,17.88,50.90246085011195,1.0
133,2,3,1.0,10.63897683007032,3,1.0,0,0.0,0.15000000000000002,19.767,19.767,1.0,1.0
134,0,3,1.0,10.159257425742576,7,0.7151508375724374,0,0.0,0.35,53.667,38.379999999999995,1.3983064095883275,1.0
134,1,3,0.0,-23.065869647355154,200,0.0,0,0.0,10.000000000000007,890.5999999999965,31.759999999999998,28.04156171284624,1.0
134,2,3,1.0,10.6323606370876,3,1.0,0,0.0,0.15000000000000002,23.733,23.733,1.0,1.0
135,0,3,0.0,-23.010336620644292,200,0.0,0,0.0,10.000000000000007,1633.563999999996,30.42,53.70032873109783,1.0
135,1,3,0.0,-23.78063359564606,200,0.0,0,0.0,10.000000000000007,763.4499999999971,27.194,28.074207545782052,1.0
135,2,3,0.0,-23.881112057510762,200,0.0,0,0.0,10.000000000000007,1175.1650000000022,29.351,40.0383291881027,1.0
136,0,3,0.0,-13.232966131677976,12,0.0,10,1.0,0.1,16.065,31.091,0.516709015470715,1.0
136,1,3,0.0,-12.95756651962575,12,0.0,10,1.0,0.1,17.433,35.591,0.48981484083054705,1.0
136,2,3,1.0,10.51713582441626,4,0.9594896017844255,0,0.0,0.2,30.486,29.250999999999998,1.042220778776794,1.0
137,0,3,0.0,-22.963678836517122,200,0.0,0,0.0,10.000000000000007,2458.6270000000004,26.541,92.6350551976188,1.0
137,1,3,0.0,-23.530489915966356,200,0.0,0,0.0,10.000000000000007,751.5979999999971,11.9,63.159495798319085,1.0
137,2,3,0.0,-23.854906123297635,200,0.0,0,0.0,10.000000000000007,723.721000000001,48.095,15.04773885019235,1.0
138,0,3,1.0,10.875,1,1.0,0,0.0,0.05,8.322,8.322,1.0,1.0
138,1,3,1.0,10.274233666506689,6,1.0,0,0.0,0.3,47.923,47.923,1.0,1.0
138,2,3,0.0,-22.66795257437697,200,0.0,0,0.0,10.000000000000007,1165.631999999998,18.218,63.982434954440556,1.0
139,0,3,1.0,10.875,1,1.0,0,0.0,0.05,7.501,7.501,1.0,1.0
139,1,3,0.0,-23.846328034317466,200,0.0,0,0.0,10.000000000000007,767.3259999999971,19.815,38.72450164017144,1.0
139,2,3,1.0,10.39655460586014,5,0.8999262420315052,0,0.0,0.25,37.961999999999996,34.163,1.11120217779469,1.0
140,0,3,1.0,10.274276365277569,6,0.7477991843622557,0,0.0,0.3,35.555,26.588,1.3372574093576048,1.0
140,1,3,0.0,-23.11151283371329,200,0.0,0,0.0,10.000000000000007,1495.7009999999964,27.194000000000003,55.00113995734339,1.0
140,2,3,0.0,-23.87448829355287,200,0.0,0,0.0,10.000000000000007,618.8430000000001,26.353,23.48282927939893,1.0
141,0,3,0.0,-23.390065063250287,200,0.0,0,0.0,10.000000000000007,898.3749999999965,49.644,18.09634598340175,1.0
141,1,3,1.0,10.025926453481471,8,0.8773797125598833,0,0.0,0.39999999999999997,48.01,42.123,1.1397573772048524,1.0
141,2,3,1.0,9.796914177963512,10,0.7664394664375134,0,0.0,0.49999999999999994,51.203,39.244,1.3047344817042097,1.0
142,0,3,1.0,9.925069680537215,9,0.5902028091471403,0,0.0,0.44999999999999996,60.303,35.591,1.6943328369531623,1.0
142,1,3,0.0,-23.888461563049386,200,0.0,0,0.0,10.000000000000007,1170.8180000000023,31.285,37.42426082787286,1.0
142,2,3,0.0,-23.35726049215584,200,0.0,0,0.0,10.000000000000007,1133.0969999999963,25.114,45.118141275782286,1.0
143,0,3,1.0,9.92512137092548,9,0.8045909159906225,0,0.0,0.44999999999999996,59.291,47.705,1.2428676239387904,1.0
143,1,3,1.0,10.635689101936999,3,1.0,0,0.0,0.15000000000000002,25.555000000000003,25.555000000000003,1.0,1.0
143,2,3,1.0,9.917646601543021,9,0.5736184963316955,0,0.0,0.44999999999999996,59.428000000000004,34.089,1.7433189591950484,1.0
144,0,3,1.0,9.80114919671359,10,0.42711697716782715,0,0.0,0.49999999999999994,89.479,38.218,2.3412789784918098,1.0
144,1,3,1.0,10.278253061017121,6,0.8624005958770564,0,0.0,0.3,45.647000000000006,39.366,1.159553929787126,1.0
144,2,3,0.0,-23.660894082213257,200,0.0,0,0.0,10.000000000000007,1150.5339999999965,35.858000000000004,32.08583858553172,1.0
145,0,3,1.0,10.875,1,1.0,0,0.0,0.05,7.159,7.159,1.0,1.0
145,1,3,1.0,10.875,1,1.0,0,0.0,0.05,8.95,8.95,1.0,1.0
145,2,3,0.0,-23.877926591961376,200,0.0,0,0.0,10.000000000000007,766.6479999999971,29.806,25.721264174998222,1.0
146,0,3,0.0,-23.877089191455855,200,0.0,0,0.0,10.000000000000007,800.2380000000039,40.542,19.738493414237183,1.0
146,1,3,1.0,10.644382348330458,3,0.6306163808017398,0,0.0,0.15000000000000002,20.231,12.758,1.5857501175732875,1.0
146,2,3,1.0,10.755384707145414,2,1.0,0,0.0,0.1,8.383000000000001,8.383000000000001,1.0,1.0
147,0,3,1.0,10.875,1,1.0,0,0.0,0.05,7.616,7.616,1.0,1.0
147,1,3,1.0,10.875,1,1.0,0,0.0,0.05,12.314,12.314,1.0,1.0
147,2,3,1.0,10.390051247771835,5,0.8128226025536538,0,0.0,0.25,44.172000000000004,35.903999999999996,1.2302807486631018,1.0
148,0,3,0.0,-22.840764716558706,200,0.0,0,0.0,10.000000000000007,1397.8000000000034,33.058,42.28325972533134,1.0
148,1,3,0.0,-23.15729853327963,200,0.0,0,0.0,10.000000000000007,604.5029999999999,42.203,14.323697367485721,1.0
148,2,3,1.0,10.270996580049221,6,0.8039210648029189,0,0.0,0.3,38.918,31.287,1.2439032185891905,1.0
149,0,3,0.0,-13.082274564459931,12,0.0,10,1.0,0.1,13.05,14.35,0.9094076655052266,1.0
149,1,3,1.0,10.514037900453534,4,1.0,0,0.0,0.2,34.617,34.617,1.0,1.0
149,2,3,0.0,-12.845434282777465,12,0.0,10,1.0,0.1,13.905,36.969,0.3761259433579485,1.0
150,0,3,1.0,10.517459296985889,4,0.9361785281588307,0,0.0,0.2,25.587,23.954,1.0681723302997412,1.0
150,1,3,1.0,10.516271381292457,4,1.0,0,0.0,0.2,28.705,28.705,1.0,1.0
150,2,3,1.0,10.753232825081378,2,1.0,0,0.0,0.1,17.511,17.511,1.0,1.0
151,0,3,0.0,-23.32062322627147,200,0.0,0,0.0,10.000000000000007,1078.840000000003,44.398,24.299292760935245,1.0
151,1,3,0.0,-23.131604589030335,200,0.0,0,0.0,10.000000000000007,1362.4030000000014,31.815,42.822662266226665,1.0
151,2,3,0.0,-23.105903172797376,200,0.0,0,0.0,10.000000000000007,2456.3060000000005,39.555,62.09849576538998,1.0
152,0,3,1.0,10.277763487185986,6,0.821501066985895,0,0.0,0.3,38.426,31.567,1.2172838723983908,1.0
152,1,3,1.0,10.636648116033422,3,0.9625189681335355,0,0.0,0.15000000000000002,32.95,31.715,1.0389405644017027,1.0
152,2,3,0.0,-22.83809075102359,200,0.0,0,0.0,10.000000000000007,1170.617999999998,17.829,65.65808514218396,1.0
153,0,3,0.0,-23.04475922542926,200,0.0,0,0.0,10.000000000000007,1131.5559999999984,41.055,27.56195347704295,1.0
153,1,3,0.0,-23.158814850677846,200,0.0,0,0.0,10.000000000000007,1397.3940000000032,39.244,35.60783814086238,1.0
153,2,3,1.0,10.410746644295301,5,0.49445535245153616,0,0.0,0.25,36.161,17.88,2.0224272930648772,1.0
154,0,3,1.0,10.39640780290116,5,0.9206419709217968,0,0.0,0.25,33.771,31.091,1.0861985783667298,1.0
154,1,3,0.0,-23.329325229034545,200,0.0,0,0.0,10.000000000000007,1633.716999999996,34.056,47.971488137185695,1.0
154,2,3,0.0,-23.25306139852195,200,0.0,0,0.0,10.000000000000007,1123.9799999999989,17.59,63.89880613985213,1.0
155,0,3,0.0,-12.954772916493217,14,0.0,10,1.0,0.2,23.073,48.044,0.48024727333277833,1.0
155,1,3,1.0,10.398458649702441,5,1.0,0,0.0,0.25,24.365,24.365,1.0,1.0
155,2,3,0.0,-12.945558694203864,14,0.0,10,1.0,0.2,18.109,37.525,0.482584943371086,1.0
156,0,3,1.0,10.512750407690328,4,0.9345846869610556,0,0.0,0.2,24.933,23.302,1.069993991932023,1.0
156,1,3,1.0,10.75413564929694,2,0.7140466581356433,0,0.0,0.1,10.158999999999999,7.254,1.4004687069203197,1.0
156,2,3,0.0,-23.87134005175002,200,0.0,0,0.0,10.000000000000007,1402.7020000000034,29.372,47.75643469971413,1.0
157,0,3,0.0,-12.763502667085032,15,0.0,10,1.0,0.25,32.164,31.87,1.0092249764668968,1.0
157,1,3,0.0,-23.33200427890703,200,0.0,0,0.0,10.000000000000007,1365.599999999996,20.566,66.40085578138657,1.0
157,2,3,0.0,-13.558910583941607,15,0.0,10,1.0,0.25,36.495,21.92,1.6649178832116787,1.0
158,0,3,0.0,-23.37855321912809,200,0.0,0,0.0,10.000000000000007,1366.1499999999978,24.634,55.45790371031898,1.0
158,1,3,0.0,-12.975828649377116,11,0.0,10,1.0,0.05,5.661,30.423000000000002,0.1860763238339414,1.0
158,2,3,0.0,-13.076678022191938,11,0.0,10,1.0,0.05,3.751,30.822,0.12169878658101356,1.0
159,0,3,1.0,10.034671797462336,8,0.5742244821349349,0,0.0,0.39999999999999997,58.606,33.653,1.741479214334532,1.0
159,1,3,1.0,10.757309851335513,2,0.978984238178634,0,0.0,0.1,16.558999999999997,16.211,1.0214669051878353,1.0
159,2,3,0.0,-23.044683209033273,200,0.0,0,0.0,10.000000000000007,2435.7270000000008,28.694,84.88628284658817,1.0
160,0,3,1.0,9.793611426980112,10,0.7798005754718689,0,0.0,0.49999999999999994,55.259,43.091,1.2823791510988374,1.0
160,1,3,0.0,-23.398587285570088,200,0.0,0,0.0,10.000000000000007,2369.9999999999914,29.729999999999997,79.71745711402595,1.0
160,2,3,1.0,10.755396267571497,2,1.0,0,0.0,0.1,8.252,8.252,1.0,1.0
161,0,3,1.0,10.036266366882687,8,0.547868775247722,0,0.0,0.39999999999999997,55.202999999999996,30.244,1.825254595952916,1.0
161,1,3,1.0,10.633453458204139,3,0.9935244561800579,0,0.0,0.15000000000000002,15.905999999999999,15.803,1.0065177497943427,1.0
161,2,3,0.0,-22.873211512971,200,0.0,0,0.0,10.000000000000007,902.8000000000017,26.405,34.19049422457874,1.0
162,0,3,0.0,-23.163220027938312,200,0.0,0,0.0,10.000000000000007,603.0,36.509,16.516475389629953,1.0
162,1,3,1.0,10.514210943346392,4,1.0,0,0.0,0.2,22.717,22.717,1.0,1.0
162,2,3,1.0,9.91378675919916,9,0.6752865812542144,0,0.0,0.44999999999999996,59.32,40.058,1.4808527634929352,1.0
163,0,3,1.0,10.75504119214926,2,1.0,0,0.0,0.1,16.508,16.508,1.0,1.0
163,1,3,0.0,-23.26481223922115,200,0.0,0,0.0,10.000000000000007,614.5659999999998,28.759999999999998,21.368776077885947,1.0
163,2,3,0.0,-23.63332133349466,200,0.0,0,0.0,10.000000000000007,1136.058999999996,33.056,34.36770934172302,1.0
164,0,3,0.0,-22.679991911451697,200,0.0,0,0.0,10.000000000000007,1491.9969999999962,23.490000000000002,63.51626223925058,1.0
164,1,3,1.0,9.909639658735626,9,0.7299205136635272,0,0.0,0.44999999999999996,51.706999999999994,37.742,1.3700121880133538,1.0
164,2,3,0.0,-23.091902851619082,200,0.0,0,0.0,10.000000000000007,2435.0060000000008,41.379999999999995,58.84499758337363,1.0
165,0,3,1.0,10.751958991772234,2,1.0,0,0.0,0.1,15.314,15.314,1.0,1.0
165,1,3,1.0,10.755042016806723,2,1.0,0,0.0,0.1,11.9,11.9,1.0,1.0
165,2,3,1.0,10.393741683330305,5,0.6315439015429831,0,0.0,0.25,43.552,27.505,1.5834211961461553,1.0
166,0,3,1.0,10.152052397188784,7,0.6266242260399407,0,0.0,0.35,45.868,28.742,1.5958527590285994,1.0
166,1,3,1.0,10.753855381906229,2,1.0,0,0.0,0.1,9.086,9.086,1.0,1.0
166,2,3,0.0,-22.93416370468167,200,0.0,0,0.0,10.000000000000007,911.2830000000016,29.540999999999997,30.848075556006965,1.0
167,0,3,0.0,-23.20877245853366,200,0.0,0,0.0,10.000000000000007,1495.4179999999963,43.468999999999994,34.40194161356361,1.0
167,1,3,0.0,-22.48221560389304,200,0.0,0,0.0,10.000000000000007,1074.5150000000033,18.803,57.14593415944282,1.0
167,2,3,0.0,-23.112957617287663,200,0.0,0,0.0,10.000000000000007,2456.3060000000005,37.067,66.26665227830686,1.0
168,0,3,1.0,10.394495758236516,5,0.9162738425998189,0,0.0,0.25,32.033,29.351,1.0913767844366462,1.0
168,1,3,1.0,10.16501704186251,7,0.6608359217481335,0,0.0,0.35,55.053000000000004,36.381,1.513234930320772,1.0
168,2,3,0.0,-23.455820354014758,200,0.0,0,0.0,10.000000000000007,1368.2999999999977,27.287,50.144757576868024,1.0
169,0,3,0.0,-22.9751285078071,200,0.0,0,0.0,10.000000000000007,1362.4030000000014,18.637,73.10205505177879,1.0
169,1,3,0.0,-23.137728937728948,200,0.0,0,0.0,10.000000000000007,1636.0029999999958,38.22,42.80489272632119,1.0
169,2,3,1.0,10.510627446465577,4,0.6657469149996167,0,0.0,0.2,26.094,17.372,1.5020723002532812,1.0
170,0,3,0.0,-23.877732286192824,200,0.0,0,0.0,10.000000000000007,1397.0190000000032,34.634,40.336634520991026,1.0
170,1,3,0.0,-23.906510219054596,200,0.0,0,0.0,10.000000000000007,627.6109999999975,47.705,13.156084267896395,1.0
170,2,3,1.0,10.75356747112405,2,1.0,0,0.0,0.1,10.649,10.649,1.0,1.0
171,0,3,1.0,10.39367006177993,5,0.7730485010810288,0,0.0,0.25,30.988999999999997,23.956,1.293579896476874,1.0
171,1,3,1.0,10.399336336517312,5,0.9644019528071602,0,0.0,0.25,34.412,33.187,1.0369120438726007,1.0
171,2,3,1.0,9.811314690661021,10,0.5545988258317025,0,0.0,0.49999999999999994,61.32,34.007999999999996,1.803105151729005,1.0
172,0,3,0.0,-12.96673361266669,14,0.0,10,1.0,0.2,23.961,49.641999999999996,0.48267595987268846,1.0
172,1,3,0.0,-12.903368556000155,14,0.0,10,1.0,0.2,30.828000000000003,25.741,1.197622469989511,1.0
172,2,3,0.0,-23.143891127051212,200,0.0,0,0.0,10.000000000000007,1127.3849999999961,20.354,55.3888670531589,1.0
173,0,3,1.0,10.390484778905266,5,0.6024811459681378,0,0.0,0.25,22.409,13.501000000000001,1.6598029775572178,1.0
173,1,3,1.0,10.755138624028167,2,0.7173524150268337,0,0.0,0.1,9.503,6.817,1.394014962593516,1.0
173,2,3,1.0,10.272915969561229,6,0.8694978883153449,0,0.0,0.3,42.62,37.058,1.1500890495979275,1.0
174,0,3,1.0,9.924893248175183,9,0.40031167819226654,0,0.0,0.44999999999999996,82.136,32.88,2.498053527980535,1.0
174,1,3,0.0,-23.705231428571487,200,0.0,0,0.0,10.000000000000007,1398.0080000000032,21.0,66.57180952380968,1.0
174,2,3,1.0,10.519112794058463,4,1.0,0,0.0,0.2,27.333,27.333,1.0,1.0
175,0,3,1.0,10.39413695381276,5,0.8584788460211193,0,0.0,0.25,28.978,24.877,1.1648510672508745,1.0
175,1,3,1.0,9.913110250470538,9,0.5902788163657728,0,0.0,0.44999999999999996,46.805,27.628,1.6941146662805848,1.0
175,2,3,1.0,9.910279022073505,9,0.7503138287102653,0,0.0,0.44999999999999996,49.38999999999999,37.058,1.3327756489826756,1.0
176,0,3,0.0,-13.241708514206788,17,0.0,10,1.0,0.35,40.115,40.544,0.9894189029202842,1.0
176,1,3,1.0,10.27233903267685,6,0.7769384295126296,0,0.0,0.3,46.597,36.203,1.2871032787338066,1.0
176,2,3,0.0,-13.505308087291397,17,0.0,10,1.0,0.35,51.020999999999994,35.055,1.4554557124518612,1.0
177,0,3,1.0,10.277351703956594,6,0.9033483863861659,0,0.0,0.3,36.315999999999995,32.806,1.1069926233006158,1.0
177,1,3,0.0,-23.09463722397471,200,0.0,0,0.0,10.000000000000007,600.0,31.7,18.92744479495268,1.0
177,2,3,0.0,-22.710333333333306,200,0.0,0,0.0,10.000000000000007,1164.0000000000023,3.0,388.00000000000074,1.0
178,0,3,1.0,10.393175121379542,5,1.0,0,0.0,0.25,35.838,35.838,1.0,1.0
178,1,3,0.0,-22.602316992968124,200,0.0,0,0.0,10.000000000000007,1364.7690000000014,19.767,69.04279860373357,1.0
178,2,3,1.0,10.632534741021475,3,1.0,0,0.0,0.15000000000000002,22.164,22.164,1.0,1.0
179,0,3,0.0,-23.31706084565143,200,0.0,0,0.0,10.000000000000007,1213.0749999999955,23.272,52.125945342041746,1.0
179,1,3,1.0,10.753333333333334,2,1.0,0,0.0,0.1,9.0,9.0,1.0,1.0
179,2,3,0.0,-23.086700190740363,200,0.0,0,0.0,10.000000000000007,1362.271999999996,40.36899999999999,33.74549778295217,1.0
180,0,3,0.0,-23.311405146785564,200,0.0,0,0.0,10.000000000000007,612.134,43.056,14.21715904868079,1.0
180,1,3,1.0,10.273278769618203,6,0.5759537931570359,0,0.0,0.3,38.609,22.237,1.7362503934883304,1.0
180,2,3,0.0,-23.299208523983317,200,0.0,0,0.0,10.000000000000007,1215.5829999999953,38.902,31.247313762788423,1.0
181,0,3,1.0,10.534525308040068,4,0.4042499820827063,0,0.0,0.2,27.906,11.281,2.4737168690718905,1.0
181,1,3,0.0,-23.824404522290255,200,0.0,0,0.0,10.000000000000007,1168.7040000000025,23.351,50.04941972506541,1.0
181,2,3,0.0,-23.02576433614417,200,0.0,0,0.0,10.000000000000007,1442.3450000000053,45.183,31.922293783060116,1.0
182,0,3,0.0,-23.191905793178073,200,0.0,0,0.0,10.000000000000007,1364.9050000000013,36.94,36.94924201407692,1.0
182,1,3,0.0,-22.89547038327527,200,0.0,0,0.0,10.000000000000007,600.0,28.7,20.905923344947734,1.0
182,2,3,0.0,-22.80233685260622,200,0.0,0,0.0,10.000000000000007,752.0319999999971,24.058,31.25912378418809,1.0
183,0,3,1.0,10.272595515900251,6,0.8895355936342546,0,0.0,0.3,49.138,43.71,1.1241821093571265,1.0
183,1,3,1.0,10.166645447273696,7,0.48528959839552305,0,0.0,0.35,61.827,30.004,2.060625249966671,1.0
183,2,3,1.0,10.632394957983193,3,1.0,0,0.0,0.15000000000000002,11.9,11.9,1.0,1.0
184,0,3,1.0,10.155218450544098,7,0.7740881017114299,0,0.0,0.35,63.631,49.256,1.291842618158194,1.0
184,1,3,1.0,10.271396580507744,6,0.831645721125075,0,0.0,0.3,41.775,34.742000000000004,1.2024350929710435,1.0
184,2,3,1.0,9.677583761947401,11,0.6642369083515449,0,0.0,0.5499999999999999,72.298,48.022999999999996,1.5054869541677947,1.0
185,0,3,0.0,-23.865962081163797,200,0.0,0,0.0,10.000000000000007,780.1410000000038,25.159,31.00842640804499,1.0
185,1,3,0.0,-22.71780110771264,200,0.0,0,0.0,10.000000000000007,1492.7009999999964,24.194000000000003,61.697156319748544,1.0
185,2,3,0.0,-23.58058484159165,200,0.0,0,0.0,10.000000000000007,1216.5219999999954,30.333,40.10556159957787,1.0
186,0,3,0.0,-23.502608623768374,200,0.0,0,0.0,10.000000000000007,1398.584,30.242,46.246412274320484,1.0
186,1,3,1.0,9.908818663786755,9,0.8385370572375327,0,0.0,0.44999999999999996,48.586999999999996,40.742,1.1925531392666044,1.0
186,2,3,0.0,-23.161897836756925,200,0.0,0,0.0,10.000000000000007,2454.9390000000003,27.505,89.25428103981096,1.0
187,0,3,0.0,-23.64459703759965,200,0.0,0,0.0,10.000000000000007,945.6809999999954,26.33,35.916483099126296,1.0
187,1,3,1.0,10.280346139336016,6,0.7403407503956801,0,0.0,0.3,42.964,31.808,1.3507293762575452,1.0
187,2,3,1.0,10.753939662036627,2,1.0,0,0.0,0.1,11.303,11.303,1.0,1.0
188,0,3,0.0,-22.823540677492716,200,0.0,0,0.0,10.000000000000007,1254.8429999999983,25.063,50.06754977456802,1.0
188,1,3,1.0,10.75718875502008,2,1.0,0,0.0,0.1,12.45,12.45,1.0,1.0
188,2,3,1.0,10.3886131258086,5,0.8070558455940515,0,0.0,0.25,31.605000000000004,25.507,1.239071627396401,1.0
189,0,3,0.0,-23.590859811160513,200,0.0,0,0.0,10.000000000000007,2427.6100000000006,38.869,62.456199027502656,1.0
189,1,3,0.0,-23.865034362574182,200,0.0,0,0.0,10.000000000000007,1121.414,40.742,27.52476559815424,1.0
189,2,3,1.0,10.159707841221916,7,0.7454283681135917,0,0.0,0.35,60.42699999999999,45.044,1.3415105230441347,1.0
190,0,3,1.0,10.270300741918389,6,0.7878366154060259,0,0.0,0.3,28.742,22.644,1.2692987104751812,1.0
190,1,3,0.0,-23.239925419670268,200,0.0,0,0.0,10.000000000000007,768.3849999999974,40.091,19.1660222992691,1.0
190,2,3,1.0,10.276631708821716,6,0.4914693641299854,0,0.0,0.3,36.281,17.831,2.03471482250014,1.0
191,0,3,0.0,-23.131372709647472,200,0.0,0,0.0,10.000000000000007,1116.6,36.621,30.49070205619726,1.0
191,1,3,0.0,-12.9,10,0.0,10,1.0,0.0,0.0,21.531,0.0,1.0
191,2,3,0.0,-12.9,10,0.0,10,1.0,0.0,0.0,22.741,0.0,1.0
192,0,3,1.0,10.875,1,1.0,0,0.0,0.05,2.9,2.9,1.0,1.0
192,1,3,0.0,-22.70729073577595,200,0.0,0,0.0,10.000000000000007,1637.199999999996,26.855999999999998,60.96216860291913,1.0
192,2,3,1.0,10.51713582441626,4,0.9594896017844255,0,0.0,0.2,30.486,29.250999999999998,1.042220778776794,1.0
193,0,3,0.0,-23.072320283584457,200,0.0,0,0.0,10.000000000000007,2453.486000000001,38.366,63.94948652452695,1.0
193,1,3,0.0,-23.835901104322353,200,0.0,0,0.0,10.000000000000007,794.8250000000039,26.351,30.16299191681545,1.0
193,2,3,1.0,10.514059948775412,4,1.0,0,0.0,0.2,24.988,24.988,1.0,1.0
194,0,3,1.0,9.790788277625223,10,0.6868608035380388,0,0.0,0.49999999999999994,61.503,42.244,1.45589906258877,1.0
194,1,3,0.0,-23.04930162953115,200,0.0,0,0.0,10.000000000000007,1637.199999999996,24.056,68.05786498170917,1.0
194,2,3,0.0,-23.741580038363903,200,0.0,0,0.0,10.000000000000007,769.3689999999971,32.322,23.803260936823122,1.0
195,0,3,0.0,-22.789669106368017,200,0.0,0,0.0,10.000000000000007,903.8690000000016,22.817,39.61384055747914,1.0
195,1,3,0.0,-23.225687905099694,200,0.0,0,0.0,10.000000000000007,1003.7649999999965,24.531,40.91822591822578,1.0
195,2,3,1.0,10.393123495552066,5,0.9687476237548475,0,0.0,0.25,39.453,38.22,1.032260596546311,1.0
196,0,3,0.0,-23.466386398080246,200,0.0,0,0.0,10.000000000000007,900.9969999999964,31.672,28.44774564283899,1.0
196,1,3,1.0,10.517195286527764,4,1.0,0,0.0,0.2,30.381,30.381,1.0,1.0
196,2,3,1.0,9.792962370261991,10,0.8361912408480051,0,0.0,0.49999999999999994,52.311,43.742,1.1958986786155184,1.0
197,0,3,0.0,-23.230792190666186,200,0.0,0,0.0,10.000000000000007,2354.051999999991,31.091,75.71490141841662,1.0
197,1,3,1.0,10.571893105771391,4,0.15987505834200985,0,0.0,0.2,27.853,4.453,6.254884347630811,1.0
197,2,3,1.0,10.875,1,1.0,0,0.0,0.05,5.82,5.82,1.0,1.0
198,0,3,0.0,-23.544868375275435,200,0.0,0,0.0,10.000000000000007,1138.5609999999963,25.869,44.0125632997022,1.0
198,1,3,1.0,10.155187006945972,7,0.5012287721730363,0,0.0,0.35,63.478,31.817,1.9950969607442564,1.0
198,2,3,1.0,10.754559616992173,2,1.0,0,0.0,0.1,13.158999999999999,13.158999999999999,1.0,1.0
199,0,3,1.0,10.875,1,1.0,0,0.0,0.05,3.0,3.0,1.0,1.0
199,1,3,1.0,10.392100799881499,5,0.7933253033285349,0,0.0,0.25,34.039,27.004,1.2605169604503037,1.0
199,2,3,0.0,-23.327537356589907,200,0.0,0,0.0,10.000000000000007,770.968999999997,53.605,14.38240835742929,1.0
