round,local_mean_reward,local_std_reward,local_success_rate,global_mean_reward,global_std_reward,global_success_rate,global_mean_steps,global_n_eval,n_episodes,loss_actor,n_transitions,loss_critic,entropy,kl,clip_frac,grad_norm,collisions
1,-9.183603684892587,14.676326790207149,0.5933333333333334,-15.577947178381125,13.857991937435393,0.22,156.94,50,150,0.0,18510,0.0,0.0,0.0,0.0,0.0,249
2,1.1684989659565637,10.301009865804817,0.9133333333333333,-6.273742405258129,16.725823494671207,0.5,102.28,50,150,0.0,10498,0.0,0.0,0.0,0.0,0.0,116
3,5.565051038258798,6.612763575614701,0.98,-2.215895381180384,16.19039562721408,0.62,78.8,50,150,0.0,5649,0.0,0.0,0.0,0.0,0.0,125
4,6.169624123867967,8.783858348111464,0.94,-0.2048538945761769,15.521914998113559,0.68,67.16,50,150,0.0,4737,0.0,0.0,0.0,0.0,0.0,74
5,7.165890005418637,8.689154939022329,0.9533333333333334,-0.8805537527461189,15.786651002164218,0.66,71.02,50,150,0.0,3473,0.0,0.0,0.0,0.0,0.0,93
6,7.824168082910522,6.725443520816373,0.9733333333333334,-1.5724989785215764,16.05523487137577,0.64,74.82,50,150,0.0,3136,0.0,0.0,0.0,0.0,0.0,66
7,7.114465904622251,8.072769886421415,0.96,-0.2466334020582014,15.621280128642585,0.68,67.0,50,150,0.0,3507,0.0,0.0,0.0,0.0,0.0,108
8,7.699365627380389,8.075954781885095,0.9533333333333334,1.0728173815760862,15.033431881094295,0.72,59.3,50,150,0.0,3095,0.0,0.0,0.0,0.0,0.0,56
9,7.362324242137294,7.904543754241477,0.9533333333333334,1.743422388583175,14.677267894125022,0.74,55.42,50,150,0.0,3160,0.0,0.0,0.0,0.0,0.0,99
10,7.822108862294192,7.858425880524591,0.96,2.40494481424637,14.340357110147188,0.76,51.38,50,150,0.0,2933,0.0,0.0,0.0,0.0,0.0,67
11,7.721885973695017,8.07958306823169,0.9533333333333334,3.741661247716028,13.407487541221839,0.8,43.68,50,150,0.0,2732,0.0,0.0,0.0,0.0,0.0,94
12,8.165039019588555,6.983787627470426,0.9666666666666667,5.073424796302903,12.28505171836161,0.84,35.94,50,150,0.0,2504,0.0,0.0,0.0,0.0,0.0,75
13,8.717362680699392,6.475275781992936,0.96,4.413033427217729,12.867552263629058,0.82,39.8,50,150,0.0,2098,0.0,0.0,0.0,0.0,0.0,28
14,6.978093598401677,9.265002973658644,0.9333333333333333,3.7548155308282616,13.39963935772495,0.8,43.62,50,150,0.0,3511,0.0,0.0,0.0,0.0,0.0,83
15,9.032290203660974,4.762807194109922,0.98,5.082186830344195,12.27126061905146,0.84,35.92,50,150,0.0,1683,0.0,0.0,0.0,0.0,0.0,63
16,6.933137796782755,9.733774077251033,0.9333333333333333,4.4150778566685265,12.864089144457287,0.82,39.8,50,150,0.0,3299,0.0,0.0,0.0,0.0,0.0,114
17,6.2494569697477775,10.93407721890572,0.9,3.759413621721951,13.373886338510705,0.8,43.68,50,150,0.0,3925,0.0,0.0,0.0,0.0,0.0,90
18,7.3309231406590065,8.909598963960219,0.94,3.761687868737239,13.35743190228336,0.8,43.72,50,150,0.0,2612,0.0,0.0,0.0,0.0,0.0,144
19,6.656355276148912,9.163237768804832,0.9333333333333333,3.7690880540874865,13.365510431144186,0.8,43.64,50,150,0.0,3402,0.0,0.0,0.0,0.0,0.0,144
20,9.164019687703961,3.8539780319349637,0.9866666666666667,4.433839913383968,12.829402968082098,0.82,39.78,50,150,0.0,1475,0.0,0.0,0.0,0.0,0.0,77
